-- phpMyAdmin SQL Dump
-- version 4.1.12
-- http://www.phpmyadmin.net
--
-- Host: 127.0.0.1
-- Tempo de geração: 06/05/2015 às 16:35
-- Versão do servidor: 5.6.16
-- Versão do PHP: 5.5.11

SET SQL_MODE = "NO_AUTO_VALUE_ON_ZERO";
SET time_zone = "+00:00";


/*!40101 SET @OLD_CHARACTER_SET_CLIENT=@@CHARACTER_SET_CLIENT */;
/*!40101 SET @OLD_CHARACTER_SET_RESULTS=@@CHARACTER_SET_RESULTS */;
/*!40101 SET @OLD_COLLATION_CONNECTION=@@COLLATION_CONNECTION */;
/*!40101 SET NAMES utf8 */;

--
-- Banco de dados: `ff_giovane`
--
CREATE DATABASE IF NOT EXISTS `ff_giovane` DEFAULT CHARACTER SET utf8 COLLATE utf8_general_ci;
USE `ff_giovane`;

-- --------------------------------------------------------

--
-- Estrutura para tabela `bandas`
--

CREATE TABLE IF NOT EXISTS `bandas` (
  `id` tinyint(2) unsigned zerofill NOT NULL AUTO_INCREMENT COMMENT 'Irá armazenar o id das bandas.',
  `datas_id` tinyint(2) unsigned zerofill NOT NULL,
  `nome` varchar(45) NOT NULL COMMENT 'Irá armazenar o nome da banda.',
  `url_imagem` text NOT NULL COMMENT 'Irá armazenar a url da imagem da banda.',
  `descricao` text NOT NULL COMMENT 'Irá armazenar uma breve descrição da banda.',
  PRIMARY KEY (`id`),
  KEY `fk_bandas_datas1` (`datas_id`)
) ENGINE=InnoDB  DEFAULT CHARSET=utf8 AUTO_INCREMENT=20 ;

--
-- Fazendo dump de dados para tabela `bandas`
--

INSERT INTO `bandas` (`id`, `datas_id`, `nome`, `url_imagem`, `descricao`) VALUES
(04, 01, 'Guns N'' Roses', 'http://www.rocknews-2003.blogger.com.br/logo-guns.gif', 'Guns N'' Roses (às vezes abreviado como G N'' R ou GnR) é uma banda de hard rock formada em Los Angeles, Califórnia (EUA), em 1985. A banda já lançou seis álbuns de estúdio, três EPs e um álbum ao vivo. O co-fundador e líder Axl Rose e o tecladista Dizzy Reed são os únicos membros da formação clássica no atual Guns N'' Roses.'),
(05, 01, 'Skank', 'http://3.bp.blogspot.com/-_vDghezf6dY/TZUEi3fohPI/AAAAAAAAD4k/QNLoH7CYft4/s400/skank_logo01.jpg', 'Skank é uma banda brasileira de reggae e pop rock formada por Samuel Rosa (guitarra e voz), Henrique Portugal (teclados), Lelo Zaneti (baixo) e Haroldo Ferretti (bateria), em março de 1991 em Belo Horizonte. A banda já vendeu mais de 6 milhões de discos entre CDs e DVDs.'),
(06, 01, 'Avenged Sevenfold', 'data:image/png;base64,iVBORw0KGgoAAAANSUhEUgAAARwAAACxCAMAAAAh3/JWAAAAh1BMVEUAAAD////8/Pz5+fn09PTy8vLv7+/29vbr6+vj4+Po6OiVlZW9vb3b29vCwsLT09MPDw8jIyMuLi5/f383Nzevr6+dnZ2jo6O2trZERETLy8tWVlZzc3MbGxsWFhapqamMjIyGhoZeXl5wcHBOTk57e3swMDBiYmJxcXFJSUk4ODgmJiZoaGhI2kTBAAAU0klEQVR4nO1dB3ejuhLWAKaLXkQXGExs+P+/740AJ055t+zdJPaG7+yJAcssGqZKIw0hO3Z8AK9+Pqpef1G9a/uzUFd+5QVeXVcT8Xwkk+eTqiK1X9ekxuP6JxOoRrp4ZPL8yfOmCgkyVZPvVUgXD7/zvNr/7if8Roj+e6Ty/ApZxRck8b26qjwPL3mClX4ycYjv18gpKD8+kibwhIxVp8qvxT9vQpp99wPu2LFjx44dO3bs2LFjx44dO3bs2PEn4pR5y2edZcE3P8qdIBgLnjQcSWMCSG5akRgQsmptDS4/cyQ3ChvHgQU6Id4p0SQw8HrnArhpJ5r0jgZAi29+0C/G6URSQ1BFzdmZEBPO4uoAEnBxkMPWDMA8xqmWn8/f9aRfjMTOkS7ENakEx/VSDrb4OIMseIj02kqcQAO2HNhAAxS3gxGX3/LIX4OaEF3wy9OicVtw8G9ywn5r4ryHQw4NHqju0toFd/sdpMhGTBK85rjhdzz5J+OS5DrIbsEAkvVKJ1TMBDKZF5KQAOQOYMRPQSuvAhjWhiOsHGNKtoPEleifxkCNeO1F5SE1YHv3PcCFcACPrDa8kuCkC4IdJEJ8LwLorj9ebZemIPP151AH6Rt68IkwXLTRSx8PsJmf2pAbV5Lg2iQDityE37pUnJ4Bple3mEE/LQceLA3+KCuWg94v/JJtF9CQayCIYy1UqyTJx0aU2AtjYMPXv3fgIO7ikXIljvd1j/454N3LsaeKTjUvMuGivkkBygwAqUZQjgJigVTZEOGpBSBmq/sk2cTQEvLoQoxUMrY7PLTykdd3vKEFZA1PuuEcKvjp6ANwshCnJ5YBuoK6qKuROFGFwiYLbcWEMEmgGUKdG5CvN4jhkR0g7GB+c5oj10zIGtupB6hhhV6RV20ko262IkkS4lUJF3C1Vi5QyxCkBQNpg3zX802iUqimxw0vuN7CrV9ygNhfnRoBNNakntLGXUjoDTI4dk4V1NFahHKWgCHE6yKvVitED3GG1eqvOCOnXSqiJF/Vnd+LM4QxKolnYOfcF+JcAGxYpAaJw9YwC0IV/5wzwUo5hg+UYsi1GKlY+NEiwJivZorCLD5CeEy7NYJ10tYurEDBkjbizFvUSZ00xGh85JZl8XaoyLm96lm6EWw50YWuciiKqrx+24OxCujhhvwPhBN2JNKeNbBwiCVQ10P0e+yk/euXXjZx0ps5KeCAVB2L7Xfrl841NnPs3//kXwEVBIWkl9Er9IivBuwU/ePb1CuXSeohmbUlJMNrcCWOxn7X434tVOhzFI7Dy5UtBP+3OJGOmat+2mhiiXBU4Cw/plgRE/uiWS28vNsq+Q+DoGeLYmy+cpy+cRD+Hw8aqOegCGcF/R3j8LeN/xE8eyYhUqOA1YiR49sw42EQL8p4SkDOT7/vrmjjXWVzL9H0N3/T/F4RAse/BsS/N0oskDyb7oIXv+nRMALyzGfc2G80dBFdF8P6R42vPAyGzM+ahQqXMXoz+/uW9wltjbc/C50zDJ94+09Gkz4qz+/YsWPHjh07fgV+nWVxmZTHh5+U+o0ILGtdUlmHSdzOlimb1t/85KcgSuMOo8leDIN6c2OA3jJbM/rvfq57QGv5hMzLxGZQcF6W59Bt5pBJDzrn8hvRzyfi1R1yjTclFECSAIxkcBv/rH5KQP9AiJaoOqvI6Vy4Glyh5HbMB9f9u5//ybgsM0/CNBVxLiPbbLSRRG5pnBz1H0ydbJ2+iwjhhgxvoZmodz6SrCkaE2bbLOXDY052vmDZYuRDZOn1iL+jDKoeSdITDd7Pu2BjNzl2Xdm1Ccupy4Z/PgN2PyjQIjemqpqG4zjhu3yI+tmVCZQXibpCxiuKkxjK+O6+GbuxY17W5qobPtKGLlWX4CtNhiyKJu8UBVTl09s2ibjSi6x+rrwlzRV5OOsf9JvmTZjdMOQcy/l7It4nwlxVnfBm8Dgw3+fRRFxo4vk4nCbrHd88652c0vezvRWjLqRWwy/Pl+qBKvHlXct7w5ToZnqrBaaydT7Qq3wxU9Gp8IPyPXGu+pkeVOndEH0zQzbmE4nsVEyHeWsklsXancccEwP3JueEZFaKnp2ivJ8kSMQMeF1Nmb+uBnmjkLdPVdZy/uaXdk9oQHwX7xk59hkZs8rwGMWvidv7DVn9RrYFb19zi3nMvcLpkrBQ3r7+bibB2R9bMlUkBe09eRb6yI4kuenrX7KBEEdwjCOU1im1M5I9XaxEzER4Ib1X7mkkhjQ49d1JqJhT4pQe6fWAxAkJzTdtS+IXcXaRO6QjB/Mj4qBo5Y4Mxuu8DCacI1twYr8Ka2YPxGOMRxYTJGuMe5zy4HIekdNUtFnWo86xctGLQEVOivHdH+lrhi9JZqhylCooXAU40muOETBUgCcDNHbrJp/YYpX4ErJb6epet04dtEUTz41TVmTW7455TgbtiY+e6+BXkU9ad51voyKbxhZP271+oxkZNU1iBIquIknoym+JI1samL4Ecn7DOQNbDXi4usZCooSlz1hHqNE9sY4zPnm2+85v+FaE+kAuZTGkblhe6inf9ES8OLjO8iqDvH1p71WE65LkVLTN+rru1eaFd3RdRVLZM6B7bMChfVHw7JpREeK1s4fMR6rQGpA+8dMxQfKYmiynFxIqx6/p9j+CQy9kzBXZPaZOMxYG8r7YaO+45rjlG59bN7HANMXIFfyUGCTKe+I2zjNxFAulLBdhghKkIBVXKSkWNvQzFCn+hCqnWsiehMFsFWRuOY2RpmYS66wIjJbcCXw0Eachz1NbUqmNtKnIlBWRR8yV+5+N8Uxv3qgtgXkkLWTEhramaLM25lEvjkhli/HcJuCSlQu92F48ydYwLdKPwq/hpFLJeTY1tzkhvS4KKCw5gKqjlWec3AVmLSTdUI5cUQ+yMneoQE9WYickQef2VHSCc1AElrZ5/mzTU1D5iSSGUZwBmGUvibgYcJpF6FodukcYex6JU1SCc7yZrSH8hadpQ84j6ahhnchgkdxkc4myZ2WuxMRCWkVnMUrtXQwkhmpEskYFlbq5K+WoBzLmODmbA60m43zkKDPY7LIu1Ty6Vy+/WRaZeckhnSE3FwUjS5rCTvXRUcEQkSfa6kAYpJq7C2mmY6qAbDCShYQP5xa1GCVNww1NyZEJrdzBH5lxHNvMJ+UdJFIOutcxTT4cDiAZND8ia4TM1DSzcPiUmLRJAzchM8vjy8o05408rYoeTkhUOLgoRQx0fhmNnAR9usiWi6H6msJce9PVwe6K2NHBOBdlfbapgs54wokDqukMQVW1pSrcoiVx59BWLf8OetxiNEhCqausgfUhidvCpa7rKm5toEI2JNkY7XRSwenmM6lq4ZeceYEWOZjJJeoHdGjGAppyVGRjbtxYsYWPY6PZwVu+noG4MFcxDZbEcxESR3MZZxNxxCItPiZ6WpazIRlIp77gZaNyYn1z+k5keJZpKIZhqtoBzQuPPUe4LJKUhlaAITWlwJlVmnHDjn4ldtVdsH7UMelTobRPocWmDG2NASrIIm498UYHPt5G83WWpiYGGqpjFUnmOmi3aXhpz7ndmqAzZpdJQ5Xr4KDf5JPzvf4O8zBqVA5MOHGSaTROxBrWGLoEx1ikfQJN4oGl51gDtW3HLDi9cpTpS0B6Gsjx2EWqk11beE4hXYkz1UIX59R0DEUz054HDjoOtjMUFe/EQKJs0jwtj87NwOmFF9+a+Z+cE2Crgi3Q2JjDMVc0kNTc0MOmy6mhyweaxsmAGjZ2ZdaP9SviuN3tWZ1IZtHcMAt77qrYfvYpcVGn6C5V7cvQgmGg3KVDwbkkRg2NPKfJ+HrE9DzP5NuQJfnNxGQDeZk4LHYMFDA6zyZSierGwbWSVjM0SVKSAr2f2q+n6+gee0WqOjG1V+N+wohPIzJN5J/IPDMnZa4pmaPdtZahAcYf8qHpLGQcayFpH70d7/pGe57yV8MJ9oDPqUloPEwp52EuFkuhhqBlGi+r7ZFw1lhUEblky5wDEufV7c6KlN/m6mdN05MlmCoCPg3tAWRZU9XciftjIkvmYYlPg1l6kc63Y6pRR74JT/ObMawnK6qJd05U1MdD2DBVlRXtoLVpYYBEhUWTWHGaq4tH1k4z/4Xxiqynktkvrs0KM9Sf+8an1NUPi65XzaacY52iiPHjMYzmv3Jovm2/mf/Psw2EwxoLHGyDdvHRlJXFe7EZ5dx+js+HNkzDiQQnQkr0qG1z9GPuDxfiT8eMqBV/vmM5J4yiayiLSRuzLPBE2769y6Hj/i8SpNMwdtA7jtEz1O0ujt2DJMmyrEoHJS9XLRmhtq0MkubZMaoyjL+8Y3DM2kQd+jG+1EHhNi8zW2SZbCgoyDposjY8MTCumvsup2X+cmVut1EOHXo1jFO07bKqLePL89U1Exw/xGVi9TMfnBhDS6TYTEMhO2qIFPBG41lhbweFip6DoZSFrn5Gl74aGAxYSaOiGgJjnVt65fYGbdwkedU5IRmFy+Yr5DyFi7tSWsRJLBK8mjGtbZA0+tTCo8xT/TUYpK2toqZ4O3oZDMO1asdQImeEyySL4yZCXqdjLIUp+pHvlnAe4UCf2J+SnmKyENnn8HrceyYTaAXy1csIjy0I5TGZG4I4Bm1kymWg79ZTheAe6cMuCHmDkIYctDc2ZepI7BLGL+Qa/2x6moO8jh86wrlTPjLTQ97dzUDff4Y9cHi3KceiYWchdebq+Im/goIGpcUslPUF4/OPiRDe4+zLLyIo2UdZSOfFBh8NyBdvOUB6hShZeWzLS+eL41x8bBK9u3RtfhF+8qGKENo4MQy27lQWRKQ0kF9SqmxRhXCEHnTp77/Bx+MqIvk4FHN3IPgjMwZDblLX3YTJ9z1SPXrq1q9j63mXQ+oJ8kSZCuGItAqXnT7EGM5eDoc0zkQiIUBx54oR4L7dNnX443Z2+xeoiCeUUV3k3LfLvp0bJmGgIc2Wsnx/gj9J8/5LeF3BxWd2ZBmUSW4zkMTsisykxdKfH3bR+G+A5/QiCq3DvFBdJ5XLWBpGE2ieb8b8TwkSfgnuZVkN4jNDs+QwCQfupLlKk/PCOFH5oLu//B6Yw+br+kdSFs6YYESRJceLI0Jxr7TvLtPmK5Ekqwvkjbw0LqphaaHOQ6NYhnzO5f3kSnwHhlhklSKKS+9wlo75JcmCy+rdtJx+2/D4PaCzifN/8z/jRvpTBiZ+Ca5BPkjCvn7pwl2kkXwXkpw04I/k7QY7GemyXg2VH61z+on0YhvWejAqK/B9Evg8OlpR0MhtLl+y7n5zrj8ftizW6oU1KWIfUmAcitbr59ngDmvtyH7gLWD+O/zcD3PSOheHt8d+6E/JcEwt19IPprj84SDpD8JMzLSXxqTujEIP06SVD5mu6nEicpzKnz1iEXXFAEmq6ulJxviqOTAA04wD0p23FaA/G9lMWxIOhI60PNuqZNqokhs68x/t5FwRdYkYthF8Moz9WBZ2XDrkERdufgZOJRr1kFgiaV2SQbPCeSfNLWwnA0elyx7Ih2Gv4vQKVUJyt58tGeQ2e9yd1T8TxTFPdz38c1HGP3oc5q9QLsvt4q90bsd7WUD0t3DBiVMG0hdOOQ2upD2EqjqtpWBKybA+3SB7J5HnHYhB+vgh8uDCbX/+DFTiWedPHZDxJlJfK7bk8AibfJnAl0/dRQKB7HzyGx22mkUjvF26fo/wlGXo1xOFdC7C46W/vxDeyXpRMZCu3On+nzSw+0FqL5v1u96WYDJB3ohtyvLft5b5zB31lkuMrWJWefes44gqDBe0VZuns2SLni4YUYoNOX7H2rBlZwfj5oK11Xq6vC00d2/IrllZOiymypO2qScHFo4yrV8Pm7KhFHtVMIcB3NptbzvtpfdZmfeEUZI2wedrtZNZlFIJ0J4oonRFIjLcisBufqUIhFj2B+4ylGG9ns+6luRx75s4Qv2uCefZWkIlhYZUKmRb+cAGrIyKxb/Uif7hgo7aXyfOc9AaR1nlaXpVcE1UDxH6bb4WEblTdOBuG/anSymYTGwyIIPkHVfnx174ykYK6oMr1mU6sdvyfsu0XbGant5KmWtstXdiUVlYuDHTxhzGxivxyqaG+M+QRM5X9fPXIApJgsv7rWonfiTmUuttzY2MF3kwFq7q7eetPWTsvARq2pGeyrImGZsQAbAp6G3RaXNjlrVGagxcnMxbuZAWhTfB1vc/IH/Wl24t75QhMdKbh84FcfprzcEeZhKhJLgix21WF4ls8dfsKErA9kjmJeFf1ELrAJ7IeiJYsNtItXGQL/5D7THm1UOqqa1Ikq0AbdWIfau3yTkbOnKUrpWphq2Gjr04/iiCyxIqW7neB7AhRyqAVidwDQ6Wqrk+rCrNhXVnHjSD9+4AvoZ+yHXxmrPcQp95ffYGuzvDtfe2cFDsEflJdDGARV0FynMVVHGdopJpQIjpZr3TpbEKVESbI14uDqhsHm38KFlML8suS4m3NYCwkFde8kooCkUHOl7hRHCOoQkVYtOrUqZgP4kKTZUvZHPjnFXdNKCcyUVsItMWD1ml+xwuO3aAyW1YXUIkTtyBdPVjGTAMLShaJnF2ARoLgTPhShx72aJqHQB5LpdqLr6C2GtHLJxWHpEwV7TOYSXQeoq6VX0OD6t1M6HrGtcT6J3gDwYeqZZhRLRYhrmyjPdcmG8pjjuLNcIgs0eTpne4pOjRbCuKrJdSlYQ8obCh7JXbIs7jskNXg771tUEqigtuAROGDLlwBwohocsmuPSRmeYG/VXLtHCzvCxCdUN0PFcXvkIHUhQMzs7PVVExUJsLcyk+LYI0kKJuMIVrQ9En+vOmRFHh6M8nR8FPsZq1a4FFLnw9FSwfucer1tbAnxevj8vu7Ctxs4cXp48Qwc1YZrxVsNwKK1qoen1VArbEAktr6baYYLFoL/euY8v/huK5KrLoquumbm7R1YW2kChThfoJnDpY2CWSJDNOXqgxP/yu4v8Qlgbqy5aSSIsgBqPjcSykR1jv1tj2K73zaPJz0JOs5ZYV5zka5+FKJ7FhFz0VFlprPLDtxwiYPhcnHttO7jgNmXn8B6uVHTt27NixY8eOHTt27NixY8eOHTt27NixY8eOHTt27NhxB/gfGshppfnOmQ8AAAAASUVORK5CYII=', ' Avenged Sevenfold - Avenged Sevenfold (também conhecida como A7X) é uma banda norte-americana de metal de Huntington Beach, Califórnia.\r\nMembros: M.	 Shadows(vocal), Synyster Gates(guitarra), Zacky Vengeance(guitarra rítmica, backing vocal), Johnny Christ(baixo) e Arin Ilejay( bateria).'),
(07, 01, 'Capital Inicial', 'http://dc586.4shared.com/img/wXpph9y7/s3/13810caceb8/capital_inicial', 'Capital Inicial é uma banda de rock brasileira formada em Brasília, Distrito Federal, em 1982, depois que o grupo Aborto Elétrico encerrou as atividades, dando início também à banda Legião Urbana. A banda é composta pelo vocalista Dinho Ouro Preto, o baixista Flávio Lemos, seu irmão o baterista Fê Lemos, o guitarrista Yves Passarell '),
(08, 02, 'System of a Down', 'data:image/jpeg;base64,/9j/4AAQSkZJRgABAQAAAQABAAD/2wCEAAkGBxQSEhUSExQWFBQXGR4bGBcWGRsdFxgdICAaHx0eJBgfHyggHR0mHRobITIhJSktMDAuICEzODMsNygtLiwBCgoKBQUFDgUFDisZExkrKysrKysrKysrKysrKysrKysrKysrKysrKysrKysrKysrKysrKysrKysrKysrKysrK//AABEIAKAAoAMBIgACEQEDEQH/xAAcAAEAAgMBAQEAAAAAAAAAAAAABgcEBQgDAQL/xABJEAABAwIDBQQGBAkKBwAAAAABAgMRAAQFEiEGBxMxQSJRYXEIFDKBkaEVI0KxM1JiorLBwtHhFyQ1U2Nyc4OSsxY0Q3SCw9L/xAAUAQEAAAAAAAAAAAAAAAAAAAAA/8QAFBEBAAAAAAAAAAAAAAAAAAAAAP/aAAwDAQACEQMRAD8AvGlKUClKUClKUClKUClKUClKUClKUClKUClKUClKUClKUCvC9u0MoU46oIQkSpSjAA8696qH0hsSKWrW2B0cWpah3hASACPNc+6g2R30WXHS2Er4JMF4yAPHJEkVK8X22srXhF59KQ8kqbUJKVJEayNOornF7ZN9NgnETl4Kl5QJ7Y1gK7oJ0r2KlP4UJ19TuIBPRt9OgHgHG+XjQdL4VjrFyx6y04FM9rt6gdmc3PuisLCds7K5KQzcIWVJKoHNIAk5gfZ076pnZLaPh4DiLE6oUkJ8n9P0kr+NRnZx3hWeIO5iklDbKSBzLilSJ6dlJ+VBeVpvVw9x9TIcVoQErCFFKyZmIHIaa91bfE9trJi3F0t8KZUvhhTYK5WJkQNZEGuc8C2Vfuba5u2iAi29oSQpWkqCfJOp8689nbC5u0uWdsjiZil0ozAQUZkyJ0mFwfIUF7ne5hcTxl+XCXP3V+f5XsMgnir06cJcny0rnvGMMdtXC0+gtuJAJSSCQDqOVbDFtkLy2ZFw+wUNGIXKSO1y5GdaC9RvdwuJ4y/LhLn7q9Ub1sNKFrDyoQpKT9Wue1mggRqOyZjlVAYDszdXocNs0XeHGeCARmmOZE8jWbi+y91Z2ql3TJaC3W0okgknK6pWgJ0iKDoPANvLK9e4Fu6VuZSqChQECJ1I8a/O0231lYO8G4WoOZQrKlClaGY1AjpVGboLjJi1v+VnR8Uk/qr9747krxZ+fsBCR7kz+1QdA7NbSW9+2XbZZWhKsplJSQYBiD4EVt6qv0eR/Mrj/uT/ALbVWpQKUpQKUpQKoz0h7ci4tHJ7KkOADoCC3P3irzqMbwtk04lalmQhxJztLImFDofAjQ0FbbvcYs77D/oa7UWlT2FBUcTtZhCjoFA9DzqT4pu1YtsNvWbYrK3UBZLipJLUqSOQjmaofGMIetnCzctKaX3KGhHeDyUPEVee5Pa5y7ZctXzncYCcqyZK2zIAPeUkRPcRQUMxeKDa20nsO5Cod+Qkp+ajU/w/ZdxeAKcRlKnrpK4UoIASgKQBKiASTPxqGbVYb6pdXDEQG3FBI/JmU/mkV0jh+yza8JbsHPZUwEqI5hREz5hWtBWe7TExYJuMPxFtTLVwrRxX4MKUnKpJWJAkAEGe+rI2R3e2eHucdjiKWU5cy15hBg8uXSqctt3jtpeNt3iElgrCUqBhp5UEpB1EDSVTrGgmaku5Xa5wXC8Pd1QrMWgBo2oE5kDUwiOQnSPGgie+1sDFH46toP5p/dVm71/6BT/kfemq234/0o9/hI+41ZW8tCfoBOqgAhiO8+zANBCNy21FrYetm5d4fE4WTQmcvEnl/eFbnfBtJa3+HoVbPBzh3CMwEgpzIdiQe+D8KqfDMKfuSpLDK3ikSoIEkDoTWe7hN0xaul1hbTSnGpLiSlRUOIEhMjX2lT7qDx2Su+DfWrnLK+3J8CoA/ImsreBccTE7xX9spP8AphH7NaYslKW3D7KyYg69gifI6isu9m4cubgTGYuKnUwtcCT3yaC4/R4/5W6/xx/toq2KqP0difV7sdOMnznIP3CrcoFKUoFKUoFU9vd2vvLG8bRbPZULbkoKQQCCNdR1mrhqrN++zzj7LNyyha1MlSVhAn6tQBKj10KBynmaBjNwMQ2cNzc5VOhorCoAyrBjTu7oqL+j4km9uD0DAnxlYj7qrr6de9W9V4yvV82bhyMs8/PnrExNXVuG2aWwy7eOgpL4SltJEHImTm/8idPAeNBXO99pScVuCsRmyKTrzTAAPyNW5ve2gubKzZctVZCpwJWqAYTkUeojmBrVTb7blJxR6IBShAI8QJ/WKuXebgzl5hS0NBRcAQ4EDmrLBKY6mOnfQaPYTFV4rhN4L1SXSFLSZSAAAhKk8u4mZqIbp8YtjcWVui1JfGZSrhRAI7BzZQnUpJj2jVfYZjz9sFpYfW0HI4gSqM0TE93M1Zu4LAXC85eFJSylGRskQHFK5x3hIHPlJ8DQR7flH0m7H9UifODVkb0jGBNwkEAMaHX8Wqz34Jy4o9P2m0EfAj9VWfvUJ+gQR+KxPlKZoIf6PzyUXN2VqCRwkCVEAe0rvqVb97lCsOSErSoh9EgKBI0V0Fc/LKepT8RXwFI5ZR5RQSa9sicKtXtITcPoPf2uGofNJrzwe2JsMQd5BPq6eXPM4ox+aPlUpw9sf8MPqOn85kEeBQPcNIrxwHDHFbPXrqAFBb6Fae1lbyhZPh1+NBP9wuGqasnVqKDxXcwyqkgBKRBjQHrHjVm1UXo6mbe77uMn9AVbtApSlApSlAr4oiDPLrPKvtVR6QGNKbt2bRJgPlRXznKjLpPcSoT30GZie1+BWzpUENOOzqWWQuD/AHgIr6N9eH/i3A/y/wCNUbs9grl5cN2zUZlnn0Ske0fcK6Qb3cYalrhC1bIiMypK+XPPznxoMPCtvsJvF5c7aXFR+GbylR6dpQg/GpZi2JtWzKn3lZG0CVK5wPdXJWNYebd91hQUOGsphYhUdJHLl1686trCMQ9Y2WuErUVKZStGp1GUgpHlBFBt7vePga151thap9o20k+MkSazf5YcLSAAtwADkGlAD5VzrHu8TyH8KvDCNisESlpRukF0AEqFwIKoEkA6RPQigk+JbxsPYQ0+9nQXQcgU0eIUCNSmJCTOk86mTDqVpStOqVAKB8CJFQLaTZfCL15Dlw+grKUtpCX0pkDkNDrzqwEJgADkKDwVYtHQtoPmkfuqM7T7UYbh60tXASlSxmypazaA6EwNNeU1Kbp7IhS4nKkmNNYE8zp8a5ExrF3Lt9y5dJKnFE6mcqZOVIPckGKDoNO9TCQModIT3BlcfDLUywvhFpK2Ajhr7YKAAk5tZ0765QxXBHbdq3dcEJuEFaNDyBgjz1B8iKujcJjJctF2pMllUj8lKiYEecweXMdKC0UpA5CPKvtKUClKUClKUCqg9IHBHHEW10hOZLZUhYElXbyZTHdKSPeKt+tfj2EN3bC7d2cixEpMKB6EHoQdaDmvduy99I24bUpslfaOozJGqk+8DlXUlc1Yxu3xO0eHCbW8Er+rdZVr4KIkFJrcfTO0iWkt8J+Bpn4SC4fNUn7qCO72XkqxW5IKeaRooGSAAeR010jwrf7KuNjZzEAMpWVnMCfBOU+BgGPKvPBtjsZvCpSzwBm1U+lAUSeZgJk++p5iezd5a4Qq1tsr1ypztKQAnOCe0qDABjz5Cg55Cweo+Iq1sN3Ireabd9cbTnSFQGc0SJjMHIMd4rQL2Xxor/APZhpm+rj4zBFdD4BbLatmm3BC0oAV2s2vXtQJHuFBWNhuQbS0UrfAfSsKbfQg6AQcqmiqDqOc9atxoEJAUZMCTESepjp5V+qUFU76dt0NNLw9lRL7gHEIiEIPNJP4yh8qodY0Iqy9o9mcburhx1y2CiVECOEUhIJygE6nTqdam+7nYJIZW5iFq1x1KgJKUkJSOR0kSSTPkKCAbX7cWd9YtW3AeadYCeErsZJACVAgHkRPSo3sTj6rG7beCilJOVwjllJGpHUDnHnXRx2Gw4iPU2P9AqocW3WOh9xDdvcFkKlK21tKzIPTK4U9ocuccudBfyFAgEGQdQRyNfajO762dZtQw8HRwyQgvBIXk+yDlWsEgaSI8qk1ApSlApSlAqt98G2VzhxthbFA4odzZk5vZ4eWNemY1ZFUt6RYM2POBxp00H4KNfjQRhG97Ex/1Gj5tD99SHY/fHcKfQ1dtpcQ4oICmhlUkkgAlJMFOuvWtRuV2btr526Fy2HA2lspBnQqK5OnkKwnNn/UsfZtkKUEi4bU2Z7QQrUCfDVPiKC/dqMebsbVy6c1SgaCfaUdEpB8TFUY5vjxApWPqgpR0ITogdwT1P5RPurZ7xcWLuDWqVrSpYuVNynQKDXETJHkB76wNyezLV4++t9tDrTSAnKvXtLJgx5JOtB77Nb57lk5btAfbKpKx2VoTpMACFADWNPOt5tRvPurO7b+rBtnEpc4a0gOBB0IStKik6CQfHWKr/ehgjdniLrLQCWyErSlPJII5fEE++tbj1mpLNm+SSl5oxJJILasquZ0GqYjSg6YxTHB9HuXjCkxwS42pY7PKRI/VVX7Db1ry5vWLd8NZHVFJKUkEGCR1PUV9XiiE7KhKCkkw0oTqFFWuh+1GsCqdLhT2kmFJ1B7iNQfiKDoXfNtc/YItk2ywhbqllRIBOVIT3+KhUJsd6uJepvOHhKKHG0JcKPxg4SCkHU9kGdKzd/91n+jzPtNuLKe6eDB+ZFQ5dtkwNLn9df/ACQ0sD5zQTTdpvHvLjEEMXTiVNuhQACAIUBIgjwB51s98G2l5YXTLds4lCFNFRBSDJzR1qndn8U9UumLmJ4TgWQOZH2h55SasX0g0Tc2jn2VMrA79FJP7QoLF3TY4/e2AfuFBa+ItMgAaAwNBUzqvtxcfRSP8V2f9RqwaBSlKBSlKBVNekVcKAsm57JLqinvKQ2AfcFK+NXLVN+kVcdmybyp1U4vN9oZQgQPyTnk+KU0GF6Ox+vvB/ZtfpOV7begtbRW7xykJa4gzGEjIlzmegmK1O4L+kHdY+pOk+12h06x+uvLfvmOJCeXBTEHlqqZ7te+gj2PNO/RuGuLWkoVx8iQmCnVEkn7RPfz1NWL6OgPDvdNM7evjlV/D41AsdtiMHw1ZJV9bcAaGEhRSYnvlOnv7qnPo6KV/PRrllo+GaHJ98AUGi392pTiKHDEOMiI59kkGfjWFtJZzgOGvGCUOuIzdQlWYhPLvQKyt/DijiSQVAhLKco6pkqn4mty/hyXNlUKVILUuI8wsj4EEiggqH4wZSMxBVegkDkocLST4FEwO8VGXE6eYNZPriuDwPscTidfay5PLlW7xnD228OsHYXxXS/rpw8qVj35tREdJoP3t/i3rLzKswUEWzKRBmDl7XvmpDtewG9n8MABAU6VnMQTJQ4fhrVbKMAmrc3rtcDCMLtlCFggkd2VshXzWKCs3sLULVFydULdW1HcUpSr55j8K3O2W0PrjNgDJWywpCyTJKswH3JB99ZuEYS49gV2sTDN0lwaGCMgSv4SD5ioVQdIbkrZSMKbzfbWtafIqMVPaim6xnLhVoD1bB+JJqV0ClKUClKUCqV9Isdqx8nv/TV1VAt62wzmJptyytKFtKVoucpSsJnlrIKE/E0FWboMTZtLpy6uFZGkt5M3PtKIIEDXkk6xWp3i7Tpvb119rMlopCBqZWlPUp6AnXL5VK3NyF1BKXmsw5JUDr39sf8AzW92L3N8F1D946lzIcwZQOzmB0Klk9odYgUGu3kYIbfArBCoSppaMw71KSqffJrT7mNq2LF64Tcr4bbqUEKMwFJKu7vCvlV47UYC3fWzls5ISsaKESkjUKE9QaobFd0t+3cFlpIeREpd9hJHcRrCvCaDV70cbRd4i882oKbSEoQoclBI5jwkmrlTgakbOm2IAX6qSR+VGY++obszuScUQu+dCE9WmtVKHi50HgB76t/F8MD1q5bDQLbKB4aQNTQchZtJ8Jq194uBhrBMNUIlsiYMg8VJJI79QK0aN0WJZkoU23BIBVnlIE6nlMRVx7z9nXLzDlW9uElxKkKSkmAcpGnhpQc2YXY8d5pgqSjiLSjMr2RJjWrq9IK2QLO1V9tD2VP90oVmH5qfhWl2V3T3rL7T7otiEKCihalHkQdCBorqDU/3qbLP4jbNssKQkpdC1ZyQCAlQ6DvINBENwjJdtL5lc8NSgmOnaQQqPGI+VUxc25bUttXtNqUgzpqkkcunKumt1+zD2HWimHlJUouqWMhJEEJHUeFVntNutxC4vrlxCWw244pSVqXAhXLSJnwoLf2FRGHWgBzfUo1PkK3tYWDWPAYaZzZuGhKc0RMACY6Vm0ClKUClKUClKUClKUClKUClKUClKUClKUClKUClKUClKUH/2Q==', 'O System Of a Down é uma banda de metal californiana formada pelo quarteto de descendentes de armênios Serj Tankian (vocal), Shavo Odadjian (baixo), Daron Malakian (guitarra) e John Dolmayan (bateria).'),
(09, 02, 'Bring me the Horizon', 'http://images.fanpop.com/images/image_uploads/BMTH-Logo-bring-me-the-horizon-714343_1920_976.jpg', 'Bring Me The Horizon ou BMTH é uma banda de Deathcore, Metalcore e Hardcore de Sheffield, Yorkshire. Seguem um estilo de música com muitas influências do death metal, o deathcore (Que é a fusão do death metal com o hardcore - estilo que inclui os vocais rasgados e berrados, agudos ou graves).'),
(10, 02, 'Black Sabbath', 'http://www.tintin.ch/pickcollection/AAABandlogos/black_sabbath_logo.jpg', 'Black Sabbath é considerada uma das bandas pioneiras no heavy metal junto ao Deep Purple e o Led Zeppelin, tendo influência crucial no desenvolvimento e definição do estilo.'),
(11, 02, 'NX Zero', 'http://www.rogerfires.com/content/5.design/62.nxzerologo/1.jpg', 'NX Zero (mais conhecido pelo nome artístico NX) é uma banda brasileira de emocore formada em 2001 na cidade de São Paulo, composta por Diego Ferrero (vocal), Leandro Rocha (guitarra e segunda voz), Daniel Weksler (bateria), Conrado Grandino (baixo) e Filipe Ricardo (guitarra).'),
(12, 03, 'METALLICA', 'https://encrypted-tbn1.gstatic.com/images?q=tbn:ANd9GcThM-Q6o6qe1am4dD80KbpNvXa3YjGOP95VbpKWqRDAVaXlvo4d4g', 'Metallica é uma banda norte-americana de metal originaria de Los Angeles, mas com base em San Francisco. Os seus lançamentos incluem tempos rápidos, instrumentais, e musicalidade agressiva, a qual os colocou no lugar de uma das bandas fundadoras do Big Four of Thrash, conjuntamente com Slayer, Megadeth e Anthrax.'),
(13, 03, 'Slayer', 'data:image/jpeg;base64,/9j/4AAQSkZJRgABAQAAAQABAAD/2wCEAAkGBxQPEBAPDxQQFRQUEg8XEBYVEhUUFBQWFREWFhUSFRcYHCggGBonHBQVITEiJykrLi4uFx8zODYsNygvMSwBCgoKDg0OGxAQGzQkICYtLC03LCwsLC8sLzE1LCwsLCw0NC8sLCwsLywsLCwsLCwsLCwsLCwsLCwsLCwsLCwsLP/AABEIAOEA4QMBEQACEQEDEQH/xAAcAAEAAgMBAQEAAAAAAAAAAAAAAQYEBQcDAgj/xABAEAABAwIDBQUFBgQFBQEAAAABAAIDBBEFEiEGEyIxQQdRYXGBFCMykaFCUmJyksFDgqKxJDNTY/BzssLR0hf/xAAaAQEAAwEBAQAAAAAAAAAAAAAAAgMFBAEG/8QANREBAAIBAwIDBgQFBAMAAAAAAAECAwQRIRIxBRNBIlFhcbHwMoGRoSNCwdHhFBUz8SRDov/aAAwDAQACEQMRAD8A4agICAgICAgICAgICAgICAgICAgICAgICAgICAgICAgICAgICAgICAgICAgICAgICAgICAgICAgICAgICAgICAgICAgICAgICAgICAgICAgICAgICAgICAgICAgICAgICAgICAgICAgICAgICAgICAgICAgICAgICAgICAgICAgICAgICAgICAgICAgICAgICAgICAglAQQgICAgmyAQghAQEBAQEBAQTZAsghAQEEoCCEBAQEBAQSiQgIihAQSgzaaktIGTXYC3ML8JcCzMzKSLa3Fj4ryZnbhbipE22syqjDNzFJJIHWdYUpJALyHjM7LzLMuYZuV7WUK3iZ2hLJhmsTb09GoKsUIQEEoCAgIMijpHS58paMkb3uLnADK3oO8kkAAdSj2I3fApnZTJY5R19bad+vd3pul5dunq9HkiAgIIQSiQghERAQEBAQSiQgIihBKAg3+zWNPZNBHK9xhMsQkbmsctw2wdzaALcjyAVd8dbczC/FnvX2YnhZO0jCb+yvjY0yuBD2xhxe4FoIJbcuJa5kjSdel1HFxwnniZ2lQ6mkfFbeNc0nUZgRcd+vRWxMT2c9qzHd4L1EsglBFkBACDMwgP38IhtvHSMay4uLuOXUd2q8tG8cp45mLRMLltZhlPSMZczNEuazWNYLgBjycpJytdnabX0tayop1zPDtvekV2neN/cpFY9hcN01zWhrAczsxc4Dif4XNzbp3lXw4J29HgvXggICJCCEREBAQEBBKJCCEREEoIQWzBMPhj9m3rWyy1Dc8bdXMYwPkbxfjvGRlIcOWouVVebzv0unFGLjqW0RsNBJWQi+aNr3AENY4sDi6MtDcwblZIM+fPduqpmnO0uiMsx7VVdo8HrcSa+KAXpTJG9j5QWNYWtcMsZcXOsM7hoTewTJqMWCPann91UY8mad/T4/0WrCeymBgBqpZJXdWs92z93H5hZ2TxS8/gjZ0U0dI78rNSbG0EQAbSwm3V4Mh+byVyW1ue38y+MWOvasPGowOl9qgj9np8phqiRumWJD4ADa34j81OubN5dp3nvCc1j3Pus2JoJRZ1NGPFl4z/AEkKNdbnr/MrnFSe9Y+/kq2L9lMTrupJXsPRsnE3yzDUfVdmLxS0fjj9FN9FSe07KVV7PS4bIX1sDnxhr8hY73ReW2YXOtoASDYgXtbktLFqceaPYn+7jvgvi5mOG6wOiZMHOjihjlawSscyWxi3jeFpIa4EFtzlILgA74bAr23XHG66vl2jfbafh/0xdtIZ6ybOQC6Nrg9jWlpDg6z7AFwsLZedrMFib2HtLRHfh5lw2tt08qUVc4kICAglEhBCIiAgICAglEhAREQQgIPanjc9zWsDnOJAYG3JJJ0AHmvJmIjeXsRMztDtexWyT4KVkda7MLl24HwNubgSH7ZBJ05cR56Ww9X4h1T04v19Wrg0/RHtd262h2ngw+MmQkltgGRtzEX+EHoy9tL25aLkwaXJnnj9VmTLWkb2cxxntRqpSRThkLehtnk9S7T5Ba+Lw3FX8XP0cV9bafw8KpWY7UzEmWed1++R1vlewXbXDjr2iHNOW9u8sDeG97m/fc3Vm0IdU+9sKLH6mAgxTztt03ji39J0PyVV8OO/esJ1y3jtK24N2pVEdm1TGTN0u4Ddyedxwn5BcWXw3Hb8HDoprLR+Ll0fA9o6XEmEROaTbjieAHgdbtPMeIuFlZdPlwTvP6w7seat/wAMtfNs/wCwiaShjDmSBxkhHxAkAF0RPPhzjKfvkjuXZp9d1bVy/r/dC2GO9I/L3uRMxx7ZIHvbZ0U8kkhFw6Qvka57XX0tw2tbqbrZ2hmTe3aWuxGqM80sxABkkkeQOQL3FxA8NVJCZ3ndjI8SghBKJCCEREBAQEBBKJCAiKEEhAQds7N9jBRsFVUNBne3hBH+S09B+M9T05d9/n9frfMny6dvr/hq6bB0RvPd743tgz2yPDqd3G5xbLI0jhIBIhZ0zuIy3+yT38paPQ9VfMydvc9zZ4rPTHf6KZtRVSYVXPEYzwzMbv4peOOXKTG7PmvxENDs3O71s0iJrs4cszFt/e1lZs9FWxuqsKzHKLzUrjeaLvMf+oz6/wBhLqmOLIdMW5r+ipubbQ+qmqQgBBvMB2Zkqw6Zzmw07P8AMnl0jHg377vAfRRm2yVaTPPoz34hEHR0WFMILpYx7TIP8Q9+YBpYf4TPAakc+q8mu8e0nFtp2o6vheN5ZGUlU9pkc3NBJo3fNsHWc37Mga5pIGhvpyIGFqtF0x107e73f4aePLvPTZWe0zY4StdXUzfeNF52tHxtH2wB9ode8K7QazafLuhqdP1x1R3+rkdltMpCCUEIJRIQQiIgICAgIJRIQEREEIL72T7OCqqDVSi8UBGUHk6Xm0eg1/Ss7xHUeXTor3n6OvSYuqeqfR0HbbaA04ipojaaoNgRzZGPjk87AgePksvR6frmb27R9WrSOrJXHHe0/wDcuXY/TRUgjlhaRNvWuY4vc4jIcxdqddbfNbWnyXvPPZLxjR6bTY48uPamffP5rL2qMbU0tLXRjR4jffwkZZ1/IsiH8ytx8WmGLk5pEud4NLKyeM0znNlzDI5psR338Lcx3K20xEbyhhx2yXilO8rdtNRtqpGy1DoYpXRuGaOF4E0oy5A8AnU8WoA9Vz4s3VvtDW1/hdtPFd7bzM7cR6qlLhMzXsiMbi9/wMbxOOtrANvrorq3raN4lmZ9LlwWiuSu0ytEez1PhjRNipzzEB0VHG4XN+RncPhF+g7uvJOqbdkOmK82/RqMXxepxJzRl92zSGGNuWGIWsAANOXU6p7NO6ePFlzztSsz8m42H2ce2rY+YABrHusCCQTw626hpe4W+4oTki0cL8miy6ea+ZG2/wB8vva8+1VcZN87pSxtjbIxjiZCLdc5cAe5oUYttE+6HTGlrfy4/mtP/wAwv+yGJ8PskhuWN9ySb5oxzYT1LdOfMW52KxdVi/8AZX82jqtL/p77R29HMu0bZ32GqzRi0U13R25NP2mehNx4Fauh1Hm4+e8MLWYem3VHafqqi7XGhAQESEEIiICAgICCUSEBERACD9D7FYX7Dh8MbtHZd5Me5z+J1/IWH8q+X1mXzs0zHybWDH0UiHNKbEDX19VWuvlHBEO5l7NHyF/5lr2xxhw1xuzwannam+X0rG0K9tZV7yoLRyjAb683fU29F1aavTT5uDxrUebqpiO1eP7rFHQTzUUVIXykNikflu0NYCczWHS5vK6Iak+FrKNcm959yeo0VcOlx9+q3Pyjb/pqtmKcQxSVkugAIZ5dSPM2C8z26pjHDo8JxVwYravJ6cR9/s2jKSWspoKlrbtikZJM/kwcdsjSfidryF7W1tpfytei1ksusjUUw872i0TPw57NjBjEFNVBlUHtbIxmSdhtJTva54ztI1sQ8g+WoIXmnrM04PHrdOeu/uYm0Gz7qOGWUf4oTu91U6PvvCAA865T48iTz6Kyeq1452iPRxYcuKmntSK73txE/PhhYhiIoI4YWNa45dbmwFrcRA53N1TTH50zaWvqtZ/tuKmHHETO33P5rLsxiDqfDqnE5sufdu3QtYZiTHCB155z5SK7oiJ6YYebVZM8+bk7qVsjFd8lQ8k5G2BJvqdXG/l/3LzUTxFY9Xd4Fi3vbPbtWPv9vq32D4gZRmacskb8zDblzym3UcwR1F+9c+bHFPlLW02aNfhtS/eOY/otO1kLcUwt72D3sXHl6sewcbPItJt3ggrh0++n1G09pY2owzatsdu8fVxNb7CTZBCAiQghERAQEBAQSiQgIihBtNl6Pf1lLD0dNHm/KHAu+gKqz36MVrfBZhr1XiHce0DEPZ8NqXDQuZkb5yEN/sSvndDj689Wvmt047S5pgDRTURld1DpD8uEfID5rXzT15elr+GRGl0E5beu9v6Qq2FwGoqWB2uZ5c/yBzO/54rsyW6KPmtJitqdTWs+s7z9ZXSix90dXU07ATvKfdtI+w+4eJPAAE+oC58cRXF1S19dNtTr4w09OP6y+phStbaqeBDDlG5ZYyzPsC1jW/dANyTpxBeYazO9/WXvi+alIrpq/hr6fH0Y+0G0DqqCnyubHEJYQynjcMrGNJsH21cRYc9O4DrZG/VMbejknDjrgx5YtvabRx7mFjtHv6unYeWQl/5Q4k/+vVV4b9GOZaXiemnUa3Hj+HPy3bGKseZ30sbiIGhj5mfZMl7ssPs9DpzLdVGZmMXPeVkYMeTxH2I2ikRv8/T9HzW7JuxGA1tHK2SRrnskhuLtaxxDcviQM1jzzaePRj/hxESwvEMv+pz2vE+u0fkbe4nGyio6GB1wbyS2NiAwbqJj28w4AG4PItU6Rzu48k+zEPDDKBzaMRtsHPF3X/Fa/wDTouXJePN3ntD63R6O9dB5deJtzP5/4etNSx0g3kkliRa50HfYDqdF5bJbLxELcOmwaCPMyW5/ZbNiWSSn2iMD2aRr2vzGxeWktDmstpY5hc2uOnJcGrmtY6Lfij9mfqdTj1F4yY/1n1chxmk3FRPD/pyyNHkHED6WW3jt10i3wfN5q9OS0fFhqaoQESEEIiICAgICCUSEBERBaOzJl8UpfDfH5QvXJr5/8e336ujSx/Fh0btbBdRQxN/iVUTf6Xn+4CyfDNoyzM+5pZ6zanRHrMQr09CySPcuBycIsDbRtrDTyC64yTW3VD6vJpMeXBGG34Y2/ZqMCp4mvnljaQ1hewG5N7WJtf8AKP1LozTaYrWfVjeHYsOO+XNSNq13j7+/VmtmEMTp5QBlDhwkG5LuItPXM7l4AKF69VuiHTgz1xYJ1WSNuOPjz/We3wfePVrqHdmaO4kF2Fjw4EZWnnYdHD6qVdPae0ue3juOvM4+/wAmNWYn/ht7kOV4sOIXGbQEiyUxbX6d1+o1020vmdG1bcd+efyZ1Tljz1Dvsx29AS63qbfRU13t7Pxd+WaYonUW9K/5/dqsNmFPTGpnveV2d1tScxs0D019Vfkib36a+jM0eSum0k6jN3vO/wCvZstkZGzVAGHkwuGsjxGA0j7j28nN+JxHcw2IOqsrW9fxzuy9Xn0eWsRp6dM78ztsyJoaPGy8R5Y6thdcchKGn4oySMzTb4TYjpbrbzX5MyJpedpaPanEJ6VzIwwxmxuSLgkH4WE/uAdRoFVjwVneZ5bOs8Zy7Vrhjp9/+HptKwTUm8b0yPb5EWP0d9FXhnpybNDxakZ9DGWPTaV47KJL4awfdkmA/Vf91meJR/G/Jh6Sf4UOYdoDMuJVY/3Afmxp/dbGjnfBX5OLV/8ANP5fRXrLpcwgIkIIREQEBAQEEokIJLr/ACsjxFkeLL2by5MUpCerpG/qicB9SFy62N8Fl+mnbLDpvatRuloWbsEubUQluXnc5mD6uWR4ZbbNtPulo6jecU7fD7/dRsMPs1GZJSQXElzr5yMzg1pHfpYrSye3m2hraW06Xw62W3eef14hOJvjhp2sdmYyR4BFy5zWE5shPM2aAy69rvfJMx6PMvl6bQUx346pjf37d5/bhpNpcXbPu4of8tuvIi7uQFj3D+6uwYppvNu7M8V8QpqOnHh/DH1/wsOKwuqsDglLXZ6UiOXQghrXWjuO7JKNfBTiY6mdatvL2tG0ww3QGXD4o283bkD1kAuueJ2zTL6O2K2XwzHSveZj6vfHzvDDSD+I4F/gxmp/54KGHje8+jo8Umck49JWebTG/wAoarbOq4o4G8mjMfM6NHoL/NXaavE2n1Znj2aOquCvasbt5s+z2DBqiuJtJUF8UHfqMgcPEDfFXTzbZi09mky0Wx1EHOfK4fDYMN7EO55mkagjSx8VVqMk12iGx4Jo6ZpvfJG8RwtGGbWU9fmo8Ty6kthqCNHAGzRLa1j3OFufRWdExG8Mu2SnXNY/Dvw+JcO3bJaN1jkzxg3vdpF43XsL8DmrkyT05Op9XoIjPoZxz7pj+y09lsJZhsd9CZJz8pC3/wAVneI23z/lDA01Zrj5+Lle3kufEasj/Ut+lob+y2dJG2GsOHV/81vv0aBdDmEBEhBCIiAgICAglEhARFY9lWZo6xkeQTOjYInFmZ7QXHPuzfgLtGEgE8QA5lV5LTXafRfgpFt4359GZhWz0jKiOemDy2mEcsr3Foa98dnvERHNnQE+tibKN7RakxPq9ritW/ydb2qeDQyuaQDlY6E8+PO0xHX8WVfO6XeueGvFZyRtHq5jisYfJS0jfhuHv/JGNAfMrXxTtW2SWpradeTDpK9u8/KGRimENqXML3OytBs0aXJIuSfQKGPNNI2iOZdet8Opq71nJbasekMbf0lHoN2HDTh43+p5j1Vm2bJ3cvm+G6Liu2/w5luNisWZXurqCxa2emdkuRq5twTbobPH6FfXHOOrC1utpq83VFdo225afCZc0EcYa/NG6NslxYNLHjMLnuVOSu15mZ7tvQZoyaWmOsTvWY3n07vPCZBNUT1JIsPdxXI5DmR58/Ur3JE1xxWIR0OSmfV5NRaeI9mGXUYZTyPMkgaXHmS89Bble3RQjJkiNodeXRaLLeb32mZ+LC2iZGKQta64Zk3bd65wbxAHK0uIGhPJW4b3m/LO8U02kx6aZxxG/Hr8WooccbDTmFrHZiH8VxbM6+vpp8lbfD1X6plnabxSuDSzhrXmd+fm0KvYzd4HjjofduzOa4t1+JzQBlAa0kX5AAXCqyYovzLT0PieTS1mtY3397ueFQ+y0kbXkDdx3kPIZrZnnyuXL5vLbzMszHrLsrvPf797gddTyzTVEjmlruOZ7XcLsrnXuAfi0cDp01X09YitYhi5Jm95n38vjE8PELYHgk7yJriCAC13UaE3Fi1wOmjvBexMT2RvjmsRM+rAXqAiQghERAQEBAQSiQg2WH0UEgAkn3cjs9g6M7sEFuQOffS93a2sLDVQvaY5iN08dKWna07LjsvsqKYCsqpd2WZi3LezS17mEOJsHG7TdpIFiL3zWVd7ReNo9VtMc453nvD3xLFyaSPLK4Qm28kgjLn2D3Zow0vDW5S7hcbHKRextmhSJi20x9/fddeItSbxP7fr/h7YVtEKrD6alvd8TyJAeZjiHuif1M9WOXHl0/l5rZPSfrPdp+DTGW8R7v6K/jVRLSTe0OjaRPEPZ3EmwY12vLmSbHnyIXTirTJTo37d0dTr8mHVWzViJ34ifdt/dXq3GZptHvNvut4W+Vhz9V01xUr2hlZ/ENRn/Hadvd2hgXVjjbXZbFTR1kFQAXZH6tHNzXDK5o8bEry0bwnSZ6o2WrG6rc08r9A+R0hIHLPK4udbwFzbyC4aR5mT4PsNTMaHQdMd5+s91BK73xi1dmmHtmrhJKBuqdj5pbi44Rw39SD/ACqF54WY672aDGK32iomnsBvJHuAAADQTwtAHcLBSiNo2RtO87sNeoiC29mmB+11rXuF44Msj+4uv7tvzF/JpXHrs/l4to7zw6tJj6r7z2h0XtExfcU7IIwHSVEjGNbexc0OBeL+Ojf5ll+H4evL1T2h36jJ0U+fH39+qv4hVxVMLZ5IpGyxyRNcDHldGTNlkOYkNJID22bY3IdZtrrYtO3sxLmpE8XmOyqbX4PURvD5W8OVnw8QYXdHEAczexGhtpysLaTG20ObNFpnqlX56N8YDnse0HQEtIBNgbX77EG3iFKJieyq1LV7w8F6CCEREBAQEBBKJCDNw2tEJcS0kkACzspAzAkcjzt3XUbV3XYM0Y5mZjdm4zWOlgpnOLxcSZhc7txYQxsjW8r5bNJ/Ao0r0zMejzLeL1rPr97MPDcVkpyd2RYlpLXDMx1nA8TToeVjfmCQpTWJ7q6ZJrvsz8Mx4tlkfKRmmc3eSBo4ByLhG2w0vyFuSryYuqI+Ho7tFr7abq2jm3r7nZ9odnIq+ibAwgBrGmmeNQ2zQGnxaRofAr57DqL4c02n83Valb06Z7OCYlQPp5XwzNLXsJDh+47x4r6Wl63r1V7MfJSaW6ZYqkg+musbjmOR6jxR7E7TutW0dKXYfQVjZJHNeZGSh5BySt00IAJBDXHW6qpWK2naHXn1OXNjr5lt9lUVrjXXDnex4JUS8pK6YQs/6Ufxn5l49QoTzZbHFJlSipqkIMvDMPkqZWQwtLnvNgP7knoB3qN7xSvVbsnSlrztDvWz2ERYZSBlwA0F80h0zOtdzz3DTTwAXzefNbUZN/0hs4scY69P383ItotoY66udNUNlMAuyNsbwx7WDk4FzSLk6kW6re02DycfT6szUZvMv8IayvxTMI2RDKGbsgguzBzWgaE8rG+vNXVrt3Qy5IttEdlgpdpJnURbKY7GQRMeb5idJOK5yhrdCSBqS297G8LR7Wy7Daenqn5QrGISkuN3vfezjmfmOYtF7nkT+ynXspyxHV33YSkqEeoREQEBAQEEokIIRFN0AICDonZxtv7Pajq3e5OkMh/hE/ZcfuePTy5Zmu0Xme3Tv9XbptR0+zbsvm1+yMWJRgmzZQPdygX06B33m/8AAszS6u+C23p7ndlx1y12n9fv0cTx7Z+ehkyVDCL/AAuGrH+LXftzX0OHPTLG9JZWbDbHPtNWrVK5bOu9pwrEaM/FDkqouujdJbD8o/qULd4lbTmswqEURe5rGi7nEBoHUk2A+amqWrtFmDJYKCM3ZRwMj85HAOkd66fIqFPesyT2r7lSU1baYDgE9dJu6dhP3nHRjPzO6eXNVZs1MUb3lbiw2yTw7VspstDhsZsQ6Qj3spsNB0H3W+HzXz+p1V89tvT3NbDhjHG0d3P+0Xbb2q9JSn3IPvHj+KR0H4B9f76ei0fl+3fv9HHqtTv7FJ+cqCStJwCD2FSd3u7NtnLgbcVy0Ai/doNES6uNnk4o8Qj0QQiIgICAgIJRIQERCgICAguexu30tDlhmzSwDk2/HH+QnmPwn0suHVaGub2o4l1YdTNOJ5h0jDK2mxYyScEkbG5I43gX4gC+R7DyJNmjwafvLKyUyaaNu099/o0aZK5I47NJjHZdBLd1M98JP2fjj+RNx81fi8TvHF43VX0mO3bhrtn9iavD6oS+6miLZI5WsfZzo3tIIs+wvex59F1/7jhtHO8KY0d623iYlrtm9jaqmrIp5aZ744nOc0B8N3OaDu73eAOLKT5KyddgmPxIV0eSLc9vm+T2c11TK+Wcwsc97nPJeXG7jcmzQe/vULeI4axxy9/0WSZ3tMLJg/ZfBEQ6pe+Y/dHu4/WxufmuPJ4ne3FI2X00mOvflt8UrKfCXsk4I4ntySRMABu0ExytYOfVpt95p6KrHTJqYmJ7xzv/AEXXtTHG88Ob7Y7dS114orxQfdvxyfnI6fhGnmtTTaKuHmeZcGfVTeOmvEfuqBK7XGIBQQglARIQQiIgICAgIJR6IIR4koDfFCEubbkbo9QjwQelPO6NwfG5zXDk5pLXDyI1C8mImNpexMxO8LfhXaVWQ2bIY5m/7jbOt+ZtvqCuLJ4dhvzHDqprMle/KyUvazER72nkafwPa4fWy5LeFT/LZfGur6wyv/1Wk/0qr9Mf/wBqv/a8nvhP/W4/ixavtYit7qnlcemd7Wj6XU6+FW/mshOur6QreK9pVZMC2MxwtP3Bd9vzOv8AQBdmPw7DTmefmotrLz24VCoqHSOL5HOc483OcXOPmSu2IiOIctrTad5eZXrxCCUBBCAglHoghHggICAgICAgICAglBCAgICAgICAgICAgICAgICAgICAgICAgICAgICAgICAgICAgICAgICAgICAgICAgICAgICAgICAgICAgICAgICAgICAgICAgICAgICAgICAgICAgICAgICAgICAgICAgICAgICAgICAgICAgICAgICAgICAgICAgICAgICAgICAgICAgICAgICAgICAgICAgICAgICAgICAgICAgICAgICAgICAgICAgICAgICAgICAgICAgICAgICAgICAgICAgICAg//Z', 'O estilo musical de Slayer envolve rápidos tremolos, variados e complexos solos de guitarra, riffs em escalas irregulares, bumbo duplo na bateria e vocais pesados alternando desde falsettos até guturais. As letras e arte dos álbuns se baseiam em temas como serial killers, satanismo, religião e a guerra, o que levou a gerar diversos problemas ao longo da história da banda, como proibições de álbuns, atrasos em turnês, processos judiciais, além de ser constante alvo de críticas de grupos religiosos. Contudo, sua música tornou-se altamente influente, sendo frequentemente citada por muitas bandas como uma influência musical, visual e lírica.'),
(14, 03, 'Paul McCartney', 'http://www.freemalaysiatoday.com/wp-content/uploads/2014/09/Paul-McCartney-010.jpg', 'McCartney alcançou fama mundial como membro da banda de rock britânica The Beatles, com John Lennon, George Harrison e Ringo Starr.Paul McCartney é o canhoto e baixista mais famoso da história do rock, embora também toque outros instrumentos, como bateria, piano, guitarra, teclado, etc.'),
(15, 03, 'CPM 22', 'http://files.acervodorock.webnode.pt/200000348-742a77523a/cpm22logo.jpg', 'CPM 22 é uma banda brasileira de hardcore melódico formada em 1995 na cidade de Barueri, São Paulo.'),
(16, 05, 'AC/DC', 'data:image/jpeg;base64,/9j/4AAQSkZJRgABAQAAAQABAAD/2wCEAAkGBxQSEhUUEBQWFhUVGBsWFhcXFxgcIBUcFxgXGhgVFx8aHSggHxwlHhodLTIhJSorMC4uHR8zODMsOSgtLysBCgoKDAwMEA0MDysZFBkrKysrKysrKysrKysrNysrKysrKysrKysrKysrKysrKysrKysrKysrKysrKysrKysrK//AABEIAK8BIAMBIgACEQEDEQH/xAAcAAEAAwEBAQEBAAAAAAAAAAAABQYHBAMCAQj/xABXEAACAQIDAwYGDAgKCgIDAAABAgMEEQAFIRIxQQYTIjJR8DVCYXF0swcUJDM0UnOBkaGytBUjVGJyg7HRFkNjdYKFk8LS4SVTVWSSosHD0/EXlEXU4//EABUBAQEAAAAAAAAAAAAAAAAAAAAB/8QAFBEBAAAAAAAAAAAAAAAAAAAAAP/aAAwDAQACEQMRAD8AxPDDDBDDDDAMMMMAwwwwDDDDAMMMMAwwwwDDDDAMMMMAwwwwDDDDAMMMMAwwwwDDDDAMMMMAwwwwDDDDAMMMMAwwwwDDDDAMMfcUTOwVFLMxCqqgksToAANST2Y6s3yqallMNTG0ci2JVrbjqCCNCPKMBxYYYYBhhhgGGGOrLMvlqJVhp0MkjmyqvHym+gA4k6AanAcuGParpnido5VKOhKsrCxUjeDjxwDDDDAMMMMAwwwwDDDDAMMdeX5ZNOSKeGWUqLsI42cgdp2QbDHd/BOv/Iqv/wCvL/hwENhiZ/gnX/kVX/8AXl/w48avk9VxIXlpaiNF3s8MiqPOSthgIzDDDAMMMMAwwx0ZfQyTyJFAheRzsqq7yf3dp3AXOA58MdGYUUkEjxTIUkQ7LK28Hvx3Ea458AwwwwDDDDAMfcMTOyoilmYhVVRcsToAAN5OP2ngaR1SNSzuQqqouWJNgAOJxoGXUBy91p6VRNm83RLKQVog+hRG6vOWPSfcNwO8kPzLaBsuZYKZRNm8w2bLZhRBhqqnq87s32nvZRcA7yfPM6R4StDnDDYa70danTEZY3NmAu8JY9Jd6nUeW5ZLkyUMTLG3OTyfCKg75OJjj2t0XaT195suqdU9HFVQtT1SlomJIt1on1HOxE7m7VPW6QI2g1ysRzjK5aWVop1swsRY3DqdVdCNGUjUEY4sX7MqA05XL81b8SQWoa0AnmgT9JhJ60e9DqPLTs4yqWllMU62YWIIN1dTqroRoyEagjBHFhhjsyjK5aqVYadC8jnQDh2sxOgUcSdBgPzKstlqZVhp0LyObAD6ySdAo4k6AYv1DQlNvLsqKvM6+7q06JGnjRqx6sQ4nex+YD7yzLiGOW5OQ8zi1bW67KrfWOM7xGPJq5+YC4Zdl8VJEKelBCXu7nrzuPHe3/KoOmlrMVLFZ7XUbzv7RzECLMIgEp52PRqF8SGVtxuOpL5gT2UurpXido5VKOhKsrCxUjeDjcc9yGKvgEM9ldB7nntrETrsNbfCTw8W9106K0KtpHqHNDmNoswhASCdz0ahQOhDM243HUl46AnccBRcMe1XTPE7RyqUdCVZWFipG8HHjghhhhgGGGGAYluTmQSVsuxHZVUbUsrdWFOLuf2DeToMfPJ3JHrJubjKqApeSRzZYo160jeQdg1OL1l9ItbtUOXMYsvgKtV1Btt1DE2B8pY6Ku4fTcPTKqdqm9LlTvT0MB2p6ux255LaHSxZj4qDQD6TKnkXJ/tWr/s//wC3fzAnFnoY4440hp0EcMeiINd+9mPjMd5PcdT1KRRzSyqWSKF5CoNiQgB6J7ezBVKbki4//K1f9kf2c7f5t/DfpjhzPJq2lT2zRVklXzVzNBKvWjIsxKbbLLHY2YDUAqw0IbFueZHRZYGEkUg2o3HjDipBtZhuKnd5BZkUTMpDKSrA3BHbr2jz7x8a4vtqQx/OMpiliNZl4PMi3Pwk7TUbHcCd7Qt4r+SzWO+uY17lRyZkp3OYZUoVgCammAujKeuVQ6NE3jR+LvGmoomcZTFLEazLweZFufgJ2mpGO4XOrQt4r/M1jvCuYYY6MvopJ5UigQvJIdlFXeT/ANB2k6AanBDL6KSeRIoELyOdlFXeT/0HaToBcnGgZfRGmPtDLNmWulUirqgehTpvdEY9WNfGfex03WB/ctoGgb8H5XszV8w2aqqHUgTxo428WMeM+9jp2A3HKMqioojBT3JJvPMQQ87gnfxVFN9lOBBJu2jFUCuomdvwfmZEdXEAtJVMejKh6kMreNE3iSeKdDpcCmV9FJBI8UyFJEOy6tvUjvv443HOcliroOYqOiVuYJQLmAnhpviPFdbaEcCaFW0bSt+D8ztFWwgLS1LHozJ4kMrcUPiScNx03BQ8Me9bSPDI0UylJEJVlYWKkbwceGCGPWmp2kdY41LO5Cqqi5YnQADtx5YtfI2qaCmzGoisJooYhG9gTHzs6RuUvuJViLjtwE5ltC1AwpKJRPms4KvItitGrDpIjbtu19qTcBcDTVp7OOT0eX5RWc223UlYXlqddouKqAgRHeqA8d7HU8AJPkFlkdPRxOgJlqoxLNK2rNtM1oweCDZvbid+7T69kHwVW/oRfeoMFQvIvlcK8CKay1gHmFSBrtL2S8So63WFzdWsVLH/AOuzd/0t/wAvDYK5glNBLFSQsxhqWhWSnqC52drnZQIX+Kp2RssOqx7DpduRvKYzy+1K8c1XRkrdtBUEcDwEuvme5N7sdoLDnFBDUwmnqlLRtqCvWibcJY/zhxG5hpxAxmeY0Jp9nL80a8BBahrVBIjDHf2mE6bUe9TqPLpVY+pvw01+ft8x/wCbhtgQfKuISZdWJIAyxxiaPaFykgljUupJuCQxvvvx1uzhlp5K1XtsUgjvMdVsQVZSLiUNu5u2u3uti45fQkFstyghpGHu6u1CqoOqId6xDyasfLa3LlEhEdwTcZPNY3OlpmtbFx9jWJUyunKKAZTK0hA1crKyqWO82A07PnwHdJlUNFllXBSghRTTMznRpnEZ/GP2eRdw8+K7yE5XiuAgqWAqxojmwFUB4rcBNv36Pcg6k7Vtz/4FWeizfYOMioKCCWkpUkfmp5Oc5iYkBVZJDaOWwuFYto/im3AnAbKkezv39+3v9ZMPypySHMIuamISRB+Int72deg/ExE3v8U3PBhiL5L8qpJ2NFXgpXxHZBbT2xbcrfyttxF9sbrnRp6KIuwVQSxNgPo8vAW46WBvYIwDNK2keoc0OYgRZjDZIJ3NhUqB0IZm3EkW2JeOingcUqqp3ido5VKOhKsrCxUjQgjtxfPZEzmKseKkpgkntba26o7gPGjRv9Qp4neeqFWwNU5Q5ualo9o7ZiQR86ygPKF3NIRqbDQXubWuTgInE5kXJw1EUkzzxU8MbKhkl27M7hiEXYU6gLc9lx24gycabFkQkqKHKT1KdTU11vjsA8qm3FVCxjy4IrP8Fqf/AGpRfRUf+LD+C1P/ALUovoqP/FjYf4PUP5BS/wDAf8WKt7JtFRU1ATHSQRzTSCOJkSxUL05WFyeGyP6eCqJUUBoebqaWthlcSbK8yJdCBdg3OIoK2IuNbhrHfiSy+vMbHMMrAQoPdlHvUK1gzKvjU7E7t8Z8liK7no2DHAP4lAG+UfpyH5rgf0cSHIzq1/oE324cBs2TVcdRBFUwhljmUsFbehV2R1J4gMps28ixOtyfnPH9x1vok32O/e9o3kAT+CqK3xZvvM2OvNz7kre32pP9gf5fVw2bhlvI/OJ6CNZmUy0UzWlQX/FsCwV1JFllspsRcMLqfJr1EY3jSaJxJFILxuu4gbwQdVYWsVOotbgMY9T5y9NS0RADxus6zQv1Zk57qt2Ebww1B1GJXJc2/B34+n2p8sqGtLET04Ht1T8WZR1XGjgfQGmGsKsChIINwR837x5724rtUvlPkhgdsxysKjIpNXTWBRka226qdGha/SThcEaWtZhsSBZIpFkhkXaRxbpKdodJT1WBDBlI06W9SwXnzeO1LWeiTb/MO3X9u86g3MgZXmuULPJTtl0T+7Admn3mN1bZdFa+sd9QzWsN+6+LLl1C1Oxy/K9mWulW1VVA9CBPHjRvFjHjPvY/MDy8mXIggKkgihzMgjQgiOWxGLf7F0KplqOqgPPLKZW4yc2yhAx32FzpuuSd5wErluRw0NFUQ0/SLU85mmYdKduYl1PYg8VPnOpOKhyB5ZCp2aasYCo0WKZjpPbQRyk/xltA56wsrWIVsX+u95n9HqPUSYxbKaSmkoo1qW5tpJZUim8WJlERHOAC5jbaIJ8XQjjgNqSHZvtCxG8Hge9/pPacRPKbKYK+LmajoFbmGe2sJOtm7YjbUcOsNzbMJyW5Tybf4PzM7FUllhmY6TC3RjkbcSRbYk12hYG/GyCJi+wFO1e1tb3vu7bg2+jfcAuGZ11E8z+0MytFXQgJTVDHozr4kMrcQR1JfmOm6l1dK8TtHKpR0JVlYWKkbwRjQvZLzWKpMVDTqsssDEvPwiFulBGRoYxvJ3AiygDFQ5RZuajmlYiQwpzZmIs0oFrbR8YKBZSdbbzusENiy8nfB+afJU/3qLFaxZeTvg/NPkqf71FgNf5MfAaH0VPtPjk9kA/6Krv0IvvUGOrkwfcVF6Kn2pMcfL/wXXfoRfeqfAZDyg97ovRR66fHfHUe26KYzXM1CkbQzA9Io0qR8zJ8YLtXU71tbdjg5Qe90Xoo9dPjo5PfA8y+Qi+9Q4DW6eZ5qakkkJaSSmjZnN7u17bRIsSdE1ve4XUHZOOLlGP9H1vo3/fgtuFvotuFhbopKZBGGoaEH8lj/v8A+f0nhe/JytgK0Fcd49r7/Lz8G/X99/IdXCjZT7yf5nn9c2Lt7Hnguj/Xevfv31pOU+8/1RP65sXb2PPBdH+u9e/fvoEpn59x1nok32D376YhmnwGh/X+sXG25/8ABKz0Sf1Z799cSzP4FQ/r/WLgO2grUrUSnqn2J4xs0tUx3W6sE537F+q+9D5MSuacrq+SJqCROan1SqnJIZ411s53KpvdmHXuN+0dqh4ka7O5poo4pGuI12A1ukygkojtvZVudkHdfyCwedVUqF5qH3vezWsZSPGPYo4L851xxYYYIs3ICjQ1JqJheGjQ1L33MUIEUZ/Scrp2BsaN7GtG/MTVs9zNXSEgneIkYknd47/VGMU6HKnFJR0EWk+ZSLUTH4sWogB/NClnPkbGqRzIlo4xsxRqI4vzUQbK7Xl6JJvx2uxtkrpxmPsh14lzNYzrFl8e040szr+MkA87lU/o40yetWnSSdxdYEaUj4xQdFPnbZHz4wCadva7ySG8lZKWYnisZ2i39KRv+TARc0pdmZjdmJYntJNziw8jOrX+gTfbhxW8WTkZ1a/0Gb7cOCNT9j/wXQ/ozfeZe/cYkM/X3JWn/dJvsH/P6T5bx3sf+C6L9Gb7zN37nEln3wSt9Em+x377isRzX4FQ+af1uOzkax5vMVv0TQuSOBKyw7JI7Rc2PC5xyZr8CofNP63HVyM6mYegS+tgwGl8gV/0ZRn82X5vdEuv7PoHktI8oI7UdZbd7Ul/YvZ30G/TZ4/Y88F0fml+8S9++sjyjHuKt8lLL9YGAzXk57xD6Bmfq5sXX2NfBVP8rP8AaTFK5Oe8Q+gZn6ubF09jbwXT/KT/AG0wFgrz+Kn9HqPUSYweo8H0/pE/2IcbvX+9T+j1H3eXv31wio8H0/pE/wBiDAdeWZjHURLSVzbIXSmqTqacn+Lk4mEn/h3jTTE5W8qcxSNsvkULUAbDVNztNBbTpbtkj+NGpWw89AxIT5zM8CQO9447he0KSDze1vKA6heBJwH5U1CopigPR8d+MpH7EHAcd5xwYYYIYsvJ3wfmnyVP96ixWsWXk74PzT5Kn+9RYK1HJHK0dCRu9qx6f0pBcE6A6jyG9joRs/HLmS+VVv6EXmPuqD6PMd31npyGO9DQ+ix/ak/efr0tcN3V2Vxz001POzqkyqCyWuNiRJAekbeJ334DJK3kvWVMFHJTU0sqe1gu0iki4mmJH1jHvRcm6umocxapp5YlaGIAupAJFTCSB82LR/8AHtJGAFqa0C9ujzYAJ3Ai+hPDtOm+wP4/ICkYWaqrSDwPNEHjfrW3a/XuBIC08nPgVD6LH+1u/fTn5Y+D675Aeuh799ZGiiSOOGKIsVhiWIFwATsltTbz/Vw4x3LHwfXfIf8Aeh799AoGU+8/1RUeufF29jzwXR/rvXv3760nKPef6oqPXNi7ex54Lo/13r3799Ak8/8AglZ6JN9g9++mI5n8Cof1/rFxtuf/AASs9En9WcYlmfwKh/X+sXAQuGGGCGJjklk4q6uOJyRHq8zfFijBaQ+TQWHlIxD4uGVxNTZa0iC8+Yv7WhAGvNIw5wr+nIFX+gcBceRbGpqKzM3FgxNNTD4q26ZXTxYwqg69c6G1sWeJbnv5PL5BxPDXqk/NNlYpIYaZbWgTYJHjSHpTN873t5FHkK9lOlh379+G7BVc9kulqWoUgpKeeXn5NqQxRO4RIbbKnZGm05vb8zzYqa0blI1m5P1TtGgjDe7FuF42UAXJJPz40eol+jv83fs1WPznPxl9O1Q5BY3SCJrnnJt+1bQ7CXu/adkaMWuGcSVlGs3MPkzJLcDYepqVYEgEbQJuNCDrw1x65dPA0mYCliWKNaCUdF5H2jtw3a7sTa+7d9eICsqnQPJKxapqbtIx3oj6m/Yz/Uvnx18jOrX+gTfbhwGpex/4Lof0ZvvM3fuMSWf/AASt9Em+we/fWN9j/wAF0X6M33mbv31ks++CVvok32O/fcGJZr8CofNP63HVyM6mYegS+tgxy5r8CofNP60Y6uRnUzD0CX1sGA1D2PPBlH5pfvEvfvpI8o/gdb6LL+xe/fWO9jzwXR+aX7xL376yHKT4FW+iyf3e/c4DNuTnvEPoGZ+rmxdfY18FU/ys/wBpMUrk77xD/N+Z+rmxdPY18F0/ys/2kwE/X+9T+j1HqJe/fTCKjwfT+kT/AGIMbvX+9T+j1H3eXv31wip8H0/y8/2IcBD4YYYIYYYYBiy8nvB+afJU/wB6ixWsWXk94PzT5Kn+9RYK1/kyPcVD6LH+1+/fTumBOignzAn9nfs1tfh5NN7joR/usf7X799fDlnVyQ5dWyQu8bqkVnRirC9TADYjUaEj5z8wdDwuPFPYbqSCOII3EWHmtxAsY/qGnY7lffqCGup377ai/jWB7bOGDZGc1q1SJpc0qUMqc4o5ydujtMupDdqnHomYVjwzyw5rUvzCK7Lzk63DSJGLEt2v9WA2VItgdIW84xD8r2vl9d8h/wB6Hv8AR5L/AFl9ez0lGZHZnalRizkkvq9ztE9IjiL3A13dJOPlFLtZfXej/wDfh36fttx0BDKoUzKfeP6oqPXNi7ex54Lo/wBd69+/fWlZT7x/VNR65sWvkLLs5ZRkdk3r5N/17+wncGOAnM/+CVnok32D37nGJZn8Cof1/rFxtWdShqOsI/JJ7js6BxiuZ/AqH9f6xcBC465ctmWFJ2jcQyEqkhU7Lld4B77j2HE/ybyCJYvbuY3WlU/i49zVbDxE4iMHrP5wNd0/mVfmCx+3K2m2suqAsTU24RxA/iWCjWI79h+JHYRcKDlWXvUTRwRC7yuEHkuesfIBqT2A4utfnJgzKGSGmknp6FRDTLZlDc2uyJSQhvdrv5TbFcz7Jva+xPSyNJSy3EMw0Km3ShlA6koF7jcw1FwcRXt2X/WSf8bfvwGp/wDyXIdPwVIf1sv/AI8T3JLlWK+CeQ03MrGURW50ttM20WGqgdFVub9ovpjNuSlU8NLW1bu52YxTQ7RJBknvtEXO9Y1b/jGNP5GZP7XoKaEqdt159xYg7c1io7QwTYHnvgOkbIDPK2xHGpeRzfoKvWPbfgBrc2G++3kfKDPvbszVcq7NPD+LpYTu01VT2/Gc8SbdmJ/2RM656T8HUzjmojt1Uo3MybxpvSPd2Fju0XGf5jVCRgEGzGg2Y17B2n84nUn92A8JpWdizm7Mbk9pOLByM6tf6BN9uHFbxZORnVr/AECb7cOCNS9j/wAF0P6M33mbv30ks/8Aglb6JN9g9++sb7H/AILof0ZvvM3fvrJZ98ErfRJvsHv30KxHNPgVD5p/WjHXyM6mYegS+tgxyZp8CofNP60Y6+RvUzD0CX1sGA1D2PPBdH5pfvEvfvpIcpfgVb6LJ/d79xiP9jzwXR+aX7xLiQ5S/Aq30WT+737nAZtyd94h/m/M/VzYuvsbeCqf5Wf7Sd++tK5O+8Q/zfmfq5sWrkFIVyumI4SVHZ8dN/k85A82rIFpr/ep/R6j1EvfvphFT4Pp/l5/sQ43KecPDOR+T1Fx2fiJfJ5PqINiCMYdVeD6b5ef7MOAhsdL0EoiWYxuImYoshU7LMNSoO6/7j2HE/yY5Oo0ZrK8mOjQ2FtGqWH8VF5PjPw3DXdYK/Mq/mhWTUoOWSKIfau5VhB/FvsjpR632ZfjDedrpBm+GJvPckWNFqKVjLSSGyOQNqJt5gnA0WQdu5hqum6EwQxZeT3g/NPkqf71FiKyLJpayYQwKCx1ZmNljUdaSRvFUdvzC5IGL1Q5aKgNluVEe1wQ1fXOvvhB0037IIOxENSdTxYFXTIR7jofRY/2v373Xw5fA/gqtv8AEi+9Qd/3YmqemSNIoor83DGsSbWrELfVraXJPD/345tSxzwy0821zcyhWK712WV1cX0NmQGx3gHy4DDOUHvdH6KPXT46OTp9yZl6PF96gxOV2X8xs5dmhAj1NFWgG0YYnRjvMJY9JTqhue0HtocuFQDluVEcz0Wr65l0kseH5gPUjGpOvaQFyyiAPQ0IP5LGbgkEEF7EEagjgRYjXhtY4uUMLJRVyvr7mJDhRZxz0G+wsj7rroDoV0BVLHT0yRpFFFtc3DGsSFjdiF8ZraXJ1003dgx8ZhAksckM21zcyGNynWUEqwZeBIKjQ79R5wzHKPeP6pqfXNiz8jR/oui803b+UNu17bbra7OobYtD5fJ+DpPaGagNSyo6U9WoPRjlI2wpGuwxttKblDqB2/cE0uSS+1qu82XTMWilWxMRI98j3i9j0k1VweN8BcWozLDPEpAaWCWJCTYbTpZbkaAE21tYeYAJl9A1JGiwZsk0c1C8hEIBtU7ZDc0xGqWYDpXsVOljY41+CMBQysroy7SOpurqdzAn/rrvvrcmOzOlp5XjmqIFlmg96Y34bllFumqnUDUggix1XAQ+QZDJVSJX5ogAAHtSjtZUQdR3Xgg4J4286b7k8m1tbYDhwVdWFw6nQqw3EW4fRuxzw1nO3LHpnU347tf2fVvBBMbyr5SxZdCJJQHlcfiIfj/yknERg/Ox0GlzgKLypy9cnmHN2loa0EyUcjdIAH6RY6pMNdLHjemco8ujgltBKZI3UOu0CrxhtebmW1g47RcHeOzHVmeYSNK1TVtzlVJ0grboh4rMNwsOqm4C3kGPLkrlvtythikJ2XfalYnxEBeVif0VOAtlPk3OHK8sOgf3ZV20sJRt2biCsKgec9umLl7IvKw0cVodKupvzSjfDG11MgA8Y9VPMTwGITknm0YfM85q9I9r2vAt9X2jtcynZ0VQX4KW7MUSvzaWR3rak3qJ780OEa7ttRwVRoo+fhgOCtIhTmFN2JvMw4sN0Y8i8e0+bEbhhghiycjOrX+gzfbhxXoYmdlVAWZiFVVFyxJsFAG8k8MXynyj2mjUcSc/mdYnNOim60sbWYxkg2MnRBZty2sNxOAuvsfuPwZQjjsTHz+6Zv3ft32NpTPvglb6JP8AYPfvrxZZlftamp6bbEhgVlZ1vslnlaQ7HGwLAX0JKgi3RDdGbSE0dZf8km1/oHf3t9OCsgbL5aimy+GBDJI5nCqOP4wdugAG8nQDU4sNJlextZbluxPVTLs1tV4kSAgvGjEdGJTa772IHkGObkjmlRUU8eX5dEEmKyCeqY9SJpNphfxE6tzvYgCx0xp2QZLDQw8xT63sZZSLNOw8ZuxRrspw3m5JOA+8pytKWnhp4mZ1hUjbYWLlmZ2a3AbTGw3gY5uU3wKt9Fk/u9+4xKYqHskcpEp4pKOMc5VVCc26D+IRrHpW3yNpZeA1O8AhUuTvvEP835l9ifFq5CeCqb5So+3Hu/yHZvNlagwZ2KU06FRJzUc0NQt9HSoLCSNWG5grEbQ3HtxN5HnH4NsQzVOVVLaHTbge2txuSdRvXqyL2g6BoVLT7augIXnIpYwTuUyRMik28W7Dt0tvGwRltFDTQA0ecpNE9LK0qqmonDqgMJI6t9lSJAbFdrjY416mVSqyRuJI3G1HIu517ddQRrcHUG/aSY/NaWnqDGauBZmhN4STa2883JbrxX6WydxB4bYUIDIclfMHjrMwjCUqACiowLKVGisyjdEOA3v5rk3ozEklrNtDZYEAhlIsUK7tm3DHNFW84Tt9fiPN2eTycLW4Y4uUmfw0EPPVHSLXEMINjMw/ZGOLfMNcBReV2Wrk8qz02w1JWXSWjla+0F1ZRxKAnoyDpKdL9tL5S5fDE6NSyFopV5xUcESQ3/i5RaxI4MNGGuOnN8zkmlNXXEPM4HNRW6Majq9HxUHipx3niTAzSs7FnJLE3JPHAdWU5pJTSc5ERuKsrC6SKetHIp0ZCN4P7cW7KM1NETW5cC9G5CVdKzEmEk6Kx32P8XMNb6HW4NEx3ZPmslNJzkVjoVdGF1lQ9aKRdzKRw+cWIGCP6Dy+uiqIVnpm24n3E70Yb45ANzjs4ixGmOfOcwhpYWqKokRg2VR1pW3iOPy9p8Ua8BjMcnzU0JNbl4MlFIQlVSuxvCx3Ix7P9XNbyHW4MZn+dvWSe2qwWQXFNTgnZCg7h+bfrNvY/UV+Z9nT1cntqsACC4pqcdUKDoAOCDi29jiUynMzRk12WjapWstZRsxPNE7gTv2CdY5hqDoeIalVVQ0jFnNyfoAG4AcAOzHvlGaSU0gkiIvYqysLrIjdaORdzIRvHz7wMB/QeW5hDUwrUUzbUT6a6MjcYpANzj6CNRcHHjm1dDTQtUVTFYlNgB1pWtpFGOLHidwGp4Yy/Kc0NETXZcC9JIQlXSMxPNEk2Rj8W9+bm3jcdbho7lDnj1sgqqwWiF1pqYE2AvuHk+M+9j9Qfmf529ZIKmsFoxcU1MpOyBfcPzfjPvY/VyZVyjZGdaheep5rCWHcLDqtF8R18UjzHfiIqqlpGLObn6AANygcAOzHjgNIyDOzlZVWdqjK6gkxSAdKFuOniyL40e5t47cXudAQCrK6OoZHU3WRTuZd3mtoQQBcWUpieQZ1zG1HKvO00uk0JPWtudD4si8G+bdi05fnsmUpeILWUE92py9xzcgG5rdVx48e5x5DfAW7lBnceXxLLMNqVtaeG5Bex98kIsREDfTx7kWAZwMuzLMJDK1TVtzlVJ0gG3RDxWYbgQLbKbgLeQYZlXyGVqiqbnKqTpANuiHisw3AgW2U3KLeQYhHYkkkkk6kneT2nAHckksSSTck7ye04tHJo+1qGsq9zOBRQ+eSzzN26IoH9PFVOLhyspmSOhy5B044+elB0tLUDnG2v0E2Qf0TgIxKznoYo3utLSAsy31kkkN2PlZjZR2KvnxE1lU0rl247gNygblXyAY98xqFssUXvcfH/WNuaQ+fh2DHDgGGGGCJnknnntKoE2ztDZZGtYOocWLxMepIBubzjccW3k5ma5XUNLIefoq4bIq1X8YmtyDxDA6PHxAuOF85xMZBnXMbUUy87TS++xX+iWM+LIvA8dx0OCt69rqQrKyujgMjqbq6ncyniD+8eQftRQ89BUQqyq0sEqBmNgNpbXY66a974zTI8/bKtlJGepyye7wSIBtRtxChiArg6PGSAd4PEy7eyVlx/LP7CH/9jv5iQQnslpYKCIQQC0ZsZJiLNK4v05exN+yvii5N+mUm8UCX2Q8uP5Z/YReT/eb7wON9Ab3AI5ZfZHiiiaPLVneZiFhM0UaiC97mMJI+0d2ytgqm9hbZVQsXLjlj7Q/EU1nrnsALXFMDuZhxlPBfF3ngMZHUT8yWsxeocnnZb3Kk9ZVbix8ZvmHE4VE/M7Vm26hyTLLe5Ut1lVuLHxm+YccRWAYlMizk05ZWUSwSjZmhY6SLwIPiuu9XGoPzjEXhgjRMgzs5YVKs1RldS2h024HtqCNyTqN69WRdfNfaixVHjYPHINqORL2kW4FxxBBsCDYhgB1ghbEsizk05ZWUSwSjZnhY9GReBHxXXerjUH58WrK86bK124h7cy2ckornZMcoU9B7X5uUDRgNJEJ4HQq6Z3msVFCJ6nW9+YiBs0zDsI6sY4sNNwA3BMuzbM5JZTV1pDzuBzUVujGo6pK+Kg8VOO8+Vm2ZySymrrSHncXiiI6Ma+KSvBB4q8d543gZpWdizklibknjgE0rOxZySxNyTxx8YYYIYYYYDuyfNZKaTbisbgo6MLrKjaNHIvFT/mNRjnqqhpGLObk/UBuA7AOzHjhgGGGGA7snzSSmk5yK24q6sLrIjdaORfGU9nmO8DHPVVDSNtOddwHAAblA4AdmPHDAMMMMAxI5ZnUsCSJGQUkA2lYbQ2lN0kAO51O5sR2GA+mYkkk3J1JPEnicfOGGAneROWrUVsKye9ITNMeAjhBke/ZcLbzkY9eUeZFpJpG9+qmLyfyUbG6xeQkWv2Cwx1cnalaSiqKhheWoIpoV7UQrJMx7VvzYPb0hirSSFiWY3LEkk8SdScFfGGGGCGGGGAYYYYDuos3miRo43/FuQzIwVlLLcBrMCAbHeMen4bl/k/7GL/DiNwwEl+G5f5P+xi/w4/HzqYgi6i4tdY41Ou+xVQR82I7DAMMMMAwwwwDEjlOcSU/OBNlklXZeNxtK1tVYg+Mp1B4HyEjEdhgPuaVnYs5JYm5J44+MMMAwwwwDDDDAMMMMAwwwwDDDDAMMMMAwwwwDDDDAes1QzBFY6RjZUdgJLH5ySTjywwwDDDDAMMMMAwwwwDDDDAMMMMAwwwwDDDDAMMMMAwwwwDDDDAf/2Q==', 'AC/DC é uma banda de rock formada em Sydney, Austrália em 1973 pelos irmãos Angus e Malcolm Young. A banda é normalmente classificada como hard rock e considerada uma das pioneiras do heavy metal.'),
(17, 05, 'Sepultura', 'https://s-media-cache-ak0.pinimg.com/originals/e0/2d/a4/e02da4cee2531bdcc0c64996d0c36a45.jpg', 'Sepultura é uma banda brasileira de metal. É considerada a banda brasileira de maior repercussão no mundo. O Sepultura possui influências diversificadas, que vão desde o black metal e death metal, passando pelo thrash metal, até inspirações externas ao metal, como hardcore, nu metal, música tribal africana e japonesa, música indígena, entre outros diversos estilos musicais.');
INSERT INTO `bandas` (`id`, `datas_id`, `nome`, `url_imagem`, `descricao`) VALUES
(18, 05, 'Ramones', 'data:image/png;base64,iVBORw0KGgoAAAANSUhEUgAAAQMAAADCCAMAAAB6zFdcAAAAflBMVEUAAAD////w8PD5+flPT0/8/PyioqL09PSenp7v7+9BQUHp6enm5ua3t7fh4eEZGRnDw8Otra1ZWVnb29vPz891dXXV1dWYmJhvb28iIiKDg4Orq6vBwcFhYWGRkZFUVFRlZWUvLy83NzdLS0sSEhKEhIQeHh4wMDANDQ08PDxM3Xu/AAAgAElEQVR4nO19h5qruLKuZEwOBiNyMBjj8P4veFUKILB7zczqNt373K5v7zVuDBiVKvwVJBD6pV/6pV/6pV/6CXToH/smT8q2LPNm7/SH736gTWmfZHXsmXhJmheHRnn87od7P/WlH+j4T6Tbdet892O+jYqk9uRIzSD1rTHJm9N+2B+ZSkQktqevyfh/kA9FG4vxuX577O8fnDWMUSzkxDPO2z7ie+laplzOYyO//PPpxzblxiLI/q+wYV9zm+fn1399zeVYccVI8zc+2VZUBkzB/eY/X7mPGBvs7N+z7kdSu2OTmbzS/8Zox5FN8+VcHO73F+c0IZOg6F8o0E+lVgMRqNZK3ScJ/MdhOjLCAbCXekg/3f1kiZXuGROGqtjmib+aSjBsWrvCfycjwEQ4vhaGxz43OOaHEqyRcnlF4sJ9rHc/7huogSe328WxAmVMMuTfV6bv7KMpz8yEbKiUg03R1kd/PIEi6wsO5L5ZoqKw5NRTKkwYcQ0fXTn5OfhE+LBQoQTsSvB4+2N/IY0wwdH896kCjWdDONAPUq7PGuMVsMpOxLEa5OdEP0TYrU6znWQSpNzyh1MBiChVJ62N6Mg0bteoXKfisKOhO5i8gepCJ47pDZ1yHz5FGMeGclcwod7+7U//JVSC8iargyd6kMMdg36SBzWEBvrn7oJMETA2OpxggjPMMDOn7U3eY+8qMvSjCaarfoY1WMwutfySG6ihPGDOgSBNTHAUojM9ANaBcMkv8WxWwJjE/Tuf/itosF8IARCh0RINnUPT1iU3ULeDf4FpmTnwQzvKHqpKMRiOh7zSO8m7nOjt9R8On0EPgmmiznk+hcAw3Z5GWge44fFjOfeSDAVxL+BgcRMH5Zq4EpSnnpBi/dP1oVJt98iCP1u4dYd+5haulS4Cldr0FeYG0yDwrwZ3CeWNKA/0yp2AInAofPM4PkGh0GSga0DynOD5gV356Tyd5WMuMuBKOZw0S34c7xCWaTUD/lJoT3kb/NDs451iAHOGP0znGRrm2u9PANEF73hALeWQZrD5pQJOkcBwjjALL8FXVBOaNCRoqsSBA/2h3Y/MLBw8+qyTxKbC/4ElZ5CH+QMeQIO4mDHKy6QcM+75CIQLkSn5FUycQwwnMA1BsS2tIb2DNrx3OH9DhT1jH4iBJAYgWA5BGIR7qemkfT2NjmGzc0F8OnnQF0qUawJX82Pa6enyb6bCXFgqXyo4umGJEGOIIjM0RH9MpzDmFDrW1XvRO3eBmV3RNPmWFK+fQyAFtfJ3PAd/FQfD7JgZls/XvqJQuRsV/PoU2KsrqajoP4sJtqK/QIGwY4gHyPRh90H6VDdg4sEOrnFlb0zC0kOe2X3mXasEoD+BglkKOEYEJCPRYsrgwGWZCbpSmT8Y1CIeAwqFkxoAw+sRkQlYrIjG3ebPwc1Emj1qxPmHUUmV+JNICAIRtjQ60TF4g6AE3HNE9zSlfHEWWcVrw9wJQS9pDRy+kyIsM2H0sQTIx3gSDR/P8QOMsNtRBNgRaiP25zvFCVRAHg79J6LadFzi4CvZzTiaqsXqh33VFX0rtTIfxuyfmPNyzqLoyjR2PhX4OuPMeEHHlH4/KqmS3FbCgzpHzSIeS5eW+NvoRA20mPwK44kJEXwmDho8yQLqLO8VmLE/ZsrpWakLlkGayWiOQEoc4sXFd/c5+fgNVFDkIpC9FYwguiIoLHm9zJwmjlBZL87/DPTv6AjzP+WhHp5IINyjp2mnQAJ/f7k+nWWVquvNnCXhnht+Nj9gQcIX4x8/yJOWpjI0bgcGVrVdOclcSVN/FxmrQBbAEuTGVhRSiVVGO2dB7Gz6eFz4RvAR/joZY5PSWDHN+tBtbEWnp2noQRLc1Yw35gJBocnSnxS/uVvnh7onXJC+SKnG320S7Gd1LNylR78M1AsuTxqm7+sZ9Y/PmfMGDMiwPPBEYJBuL45vRdRIVU8Hr/aUFgLqdSkDk2RnMoru47AWVu6iTSBD9Zx7vCxVqTTwH0m+FSWcIE/6TMCEbvrrVpVCM1wpsySoCRvmgDLHubAxG5EnE4ionIX75A8fQAkqOYJp4XdqQ/Aifj2UN+CNkOCTquOemP17OYzohi7wnQUafszQvUfGWdzMUeeecmB/fJ1tOIihU23Qviu31r4ofhU7rN+RKac0Vq2jjXcODOqOetCgBIAE4wEBw5izAV3YkLLFPTOsmMJLFUq+1zJwLL8NLlINfnbNvIIivXiRj3NU3PvVgYrH2NHPYCJCiCOABw5LuFggOiMcqtwla4dM8ZqB9ESDN+Mx6hu+pwjnPwEWxKP9lpcJ+34pwkXRwPkRyAidtmsY+pwHZVsmnC0F1YI7yvpn9d6LVrZE5uFZtlYK4oAVg7ohPda/y535KdA8zprmyaRfQAVSAFURJFBaKvlMFxJgVi2/Q9VzRPWQAGPUYtsSZV1MsaQo7fpT/W5TCqWDA9rnFN2Kz9ICNOFT6rcCmTecG8rgK9B6xoMSwDAd5Lk36LFhZl00VSv8hGNPh2GqRGOx+cyq/rWHejM5S6+cYl1bq6R8xAevIdDJzhN6EEbcweBAcBgPxgNkz+iHU0e/t4AjCfxznA3OQYabab3vWOlmWdWsXinmuymc/B8nyPql85FSMdQBiyhCzWE6gB6lGPEkB/DhBLPPmpdA6jsdeJDP6RM4i8GxQuOGIF7m5i66tI/bkbMKVSDNe178PeunyeyGj9MbqgAQwWhhoGUheAAMSeB8xowRIgWdDVHN1PYBNz9XkAJ96T0RC95elbvfSb6wBmc+1Js/nHQ1WjzMEYLDI8s2Od1RB88JsTaMDYrSjAdMBPaCO9YN3ZuKQAiwXxQRTgfxA0OZP7fqFfo6bfluukunEM35v2SWg0KFbQTrFQtqDOEZSnpiRI1Fc+Q8uIMrhMLjHjjEJD4reuH+FgM7Lz3GNVEyFP7W2ZRM+iJTyR5Mz5d4qqOCkeixH7J8CXiGjkoQNKUfc86DA/AALEVO7YkDspCcRP/R0vD26SIEj7hp8PjQb1uX5G2RRs1VBzlRHqgHI27EsAVTDGoPIj82fNqBBwXwAEYHMpU92IeDWMvgqVJ/IEqUep0WQwiPQOVtyxi6kQm0NLH0Vyf4JBqnp29Y2zZFsyAIMN8Zd44PwYMepl4cZ7ygB1h1aWfa0sY4bez6NNCadUGsh/DC0OQeis7Hk6V8I00sp7NZP6WyqKkbQEw9Q/rK3At0+qAgAGKsDv1/UXIeAC/Y360ASO0dnXY7f48IjzZ6n7UxMHsjjQ5L3sccVFfcaNibllwWjtFeovueQDvygWtzwDFfY1DBD72KTjJ4hmPDjCOwBHhwopwsc24rLeBtlHl1h9oMxTDthQ8ywZte763MU1Mx8Dr5m7xpq1pBlrfSKH0xS/j2q1/2OTzaC2GN6Ki6CuHBRyOJS+Yd2kn/gQfgI42eqwIVk0fojqcS+Ul4dGV3+wSWulQYf00t8kYsVrlt2chKRIfFiY+2MZkrvEhdlSUxuYLJR0ejC32Cdm0XBWDoLc4D+uTGiaPDmh+lqlDHOQ01LOsRtY0txAl6c9rFvQtddRghF8tgKni9nXpNeCHfuji5VQdYs6i1izt2cLJaB1c+v16T/f28L+MWjcgPTqgtECgQtZqwtBOUfuRmoY28JDHuZ2IdGz+o08n0Y3sSNo49cDc/0CA8aLYdREikKuz0ea1iStgcDHUm/UGPFYpJ3F6cBEUkfwRG/6pmfjujs2l0iIQW6qOgbpxAuX46rSHsx93Z/R5NkUYaXqV430O1aK7p8IK40VJyQJX67XjPPBpM10eomX2QBy7dx3BFeTuQOBHN74IU9DPwgNGQ5oA5DREzupsFTjILTriDJkbGNJ+58gIpkZOvMoGAQSMAgVM0voT2VnolLJaIYY5r5dpUSd32dzYBB8bzQ8IeQobYEV7WZN9GDwGQrtiORkekNqKXQJWoTPCog2i8DNVGgJIXqS+DUKfpopx3Hi0u1V8UGVqsuXLNtIwYu62y7K1I51qLUccQIhTNcgWbsVAW1lJI9cDKTo21LL5RymNkjehipAwXBQsWLJ3vPeuXN585tGqLehuFwjM2C7HjihjbC2t3sRdMYFY7sR0Kq8p4BWcONjrpfuezMRw89ap1vdoQ1j/njocoWed4o5Sa/bLQy71Bt8ps9t4zEx67IQujArTh3KZxHdZwkUEns0x8Ztfv6lXTKp/CoE4D6HSUted9WXaL34tkO/h76fFBm9gHtLCLWIc5O9v9mcaW6BCFJinQ5US0loYGaWe0XJJj9ZLw1HKBc3Hyj4XFXK3yvY/+9DMv4PpqqwcT5GXYtUF42VfIaPxrQmVjb7dZnKQd62M/actLRIia43SKDM/PNcieQQTnv03Q35IlTOIL95bYz8GrsRoQXJZqFEg9sr5wUehzq+6iIbB2DOvWywtcwVgfj6EICE4eW/17V8X+KNeDbJFICQUo11VLxWW0j+e0pnQQzooH1HAH7AYpYMyQBjo6+EJoOWnbDHdsgaNKxokzYYdh4QOzNwfCPQEPlQ9OUxr1jhvqbYxiwFN8V2wGxDeyMafQLuE/fFFazlKOlYr1tifUaHk0YqC8qUFGvN5h1tTiEkSG7Ol8rgt7HCcSDN1FzOD6mR9PIIF5pGhqmH8nCRe8nN8nARyY0x76fq3c9PJLTb80oEo6VtjkvGoZD44aet4thcMpC8Oaj6X3X+Ao3LH7CF68le7CLjUrAWcPUEy2KqfI/ZTigRdJF+TBw1OtFwkwrj5BIi4iq7NNg895ivfaVF0uGmaSlIDEC4OR34/z4q00iAClxEEUBq5tsokz+CFuk+GhW2zuwYJdVyiJn1vSSd0xPLgX07bjzx+tHCOlmgGiOw6SuR/2hlmWrcW6m/oZz6glFf/mD807X0WJiNGL1g06BA3owzHRmGgwN0cpfLBGbQJF8sMKJGHo1Ya+LZEwdjnbrgC7XBb5Hp+0wWE/m5HZ7505Fss1pki8MruXq2Xe7xyzud8q8XbCD1QL3kMmIcF5DIjmEq0GJLwnN56XQER8ex3yDXwU6eoK9hshdvDTeoUzB+g8cCm4Xd4iYjBUw5t7Oy6HXF6nU9xD6yKW2FiLwVJSPZz4dyPPESDAm5jBtQVh3ctmUL7os+AcjDFk5Hr+x26Dls2V8zmlOxmtHiq+UA+dNUwGK3RQcWRr2J5nVVAaoTG6YMPqch2fO5ERvayuIBeowoMqzHFxyQMlWPlZmti00wIRXqYNNig71nhRVDlamtztoo8lmqdhfIJv1GSNqAuWA1IRTB1URu3c8bmN4g4HMjN+Wl7BBm7gRlOZ35rMIEA969SAVT0QcTnZIK9K5kJGX4bCfnHWOxNECqBNhnqQ69qHqqpQYurborDxy7TFiTWlQ4slpGDGM9gly+bXG/up0JRZRccfj/zQBjxIxVQeq3mG03Xy5gBmkTcXrRz+nO97cEHfuaFLbUdUz4XLpQ2BqLHABnnVcUSZ6K5cYbhBsSnmw7hIhOpGnbSFIrhpIZSxfUMkOoulIDDgS4IgUEG0x7aKCQK2sntpE5mdHDE0hyvB4oWjy8Y3rFULTr0JD5jgs5qoGfLlBwfuoF3ulSIY/APbYl7XniF7cWyiQmx8MpMGTCDuuPR5wh68oA158FAqqiJDeqm576fzaN1RzJrVB7Gxj0rmgNaHJjo8YWWmULgiy/JJGT6375ZMK+oN1nQIXRhgt8cgDqOsTFqdlzikrNIRaiiCxGHFPMVT6Ois8fBE+Sp5wO1gjnPtn6fXZW53CzkQvqfB+eOUt5Ufxua61AkKvTcuMJwS5dfmaaS7D3XhmeDWvpa8hsBKCqPzeOvSFjaRcFlrlUc67IQSSGl1qTa0xwDQALQGPPLnAPpfUswWSNsRWeVKjxxqTRsQJaBd7I8tfKPPoUqv9sj4zDc2U/N4YfleAnOdtOxY8dc8YCp+xt2qN4tKPOO3y2PplgWnHCemGySSqheJmr3Igxzvi/MwxDnwrPnur5kAGDAzy1WccT9yRKLjlPi+uLnNft3boHvbepWseqp4X1JgQn2WWlwtR2b6r2nlL3QubbFPpu0UljSf6rYOn39zg6Rqu+if5XThKqjWnWyb0IehVuMeRYuHZUQFu2On8XiT/ds/xM4hCvHb4kR/CgbZbx3keQTuxqOVLWLnV8mqBw/sO3+WB0iNRqiCPU7AfEVtueRBwyxrwrQ8YwOEJd+LRHycs2ZVlOjlug/3yH9pwHVIdlgsiRW9GRvkUB4r1Tw0lScyI5auPCnb2QkiSLGsp1nyIMQdArABOMtma/NM7bDkgYxCw5oscDKlkvcrl0zsz4HanbBJ5VlAfrZRxUPuAsyfV3QJFFEQR5A4iClu1gYlIvYmHrBLBoYCc5FiZMnmidpYthKYVBXW8s0Fruv4X7VNmXhltiPZpB1HNCMlbuLPAFBXXOWZHU5v1A4mNkGRtNMhHYnkwcnAzQ11kd4VqCPQ2tvFQTfxIA3m2dzj8WUzrEolPZ3n87IPrOfXkgDLipkj7cB3LnLuzFweujGDhz5D9BxSaeAMOtaXBO90LgcmU1sd9KpnFmaACWQ80GKqROE06ip8gn7np21DTjrROvhQb1JjoUEJ4zRLfepexUSvY8JazqvLWOs1ijtquq18luSYyjUNFoKG4OiASgLLlMbApvzIPM+iPCB7akBc1cW7pb42c6fnNSsXm8PEYJPFXa1IWlnY9lfrCLp64sENp6WDohFB13GELvM2alQ09JhC7vwOT3y6gE18QEpUu1Ee2MgzUaH0XhfgFVY9Bae6e3qsgc3/xdxkpWMjHNWANS+t/TYfbk8aWNzY4oOmD2EPPKqs4TKqqnsWER51sC2JrleMtRnlQYSGZQG/JeG/m1rmZvdblFhYhyaX7QcNHEejjgNT8+J00TZ/dcm+Bb9A7tjXTHRkbJsFuHYqfOzRycfHAg0ppFtOgXdCL7bQIqP2h2GB/VE38S836tJ0V/OyZxEL3zQ8Eo/bmwBxcNl6/pFqM6FxbadPpv6RUmvI4aPBqrcJE68cVWS9SOdgJuoiekbZ3IiZE2pUlK9k6+S7yV+aXoZvXQ4NBlP2T10Ijd/uRquRMSh6HdfxjOMtahNrbBWorDXjgsrUpYijDTyGD3bLNo6O1GucfA3nvl2EzQWEdDda1FSqaLlgKaFa7uShLHFsMUkcz3Wx6EmSZYlhB74x5t0n7E4mQG3KpzP3jQuj5rfa03q1w8yCo7Zoz71v1ax7UX4oYUsL2FIs9cf7NmQKArNMjToLB4WWsL6F4GGyvlVbC2HPUS2CAFmzBEZSAz9vlGD7FZWUxabrT8FaudmS37krmE0w3+w35Ebi4YBW8FcOsAyH0XkUvGmGnEzGm6CI8KlAjxoPBbrFsKkuFRlH4sS5M/dM/DVOPjqzp7ygK0jJZBS3QUhAkSgA894CFj10snFTbvaVZCKzlhZu2eFzJ64dp3ghZKUHn0USLYsaEskDaQBSLbDMtaE3lgcW2QJzs11BGiHYB6oItoNubUrj+5pL4bkq1BCvDbE77trcEFpe8KgpaCJc9ijxtfaKEgKbQJVxUE7xAu/LyIOcGtOVObgX0SJ/obqBZht0wB5jJ9hNcNj5OxxkbOH2c/5mx0fEYDVkefIojIQceCwo2jFJ1gFin0G4JA9ihjYsk96g818unINlIE/kb7ijYi1a5FusmX4nd7oQInqVzmGkc27vIL9OADCHbYqJWNoS7D2GEAOwia27g80gbBo1TLGzTiwr81PKMd9d5A4GsY+a8ypzam643LcTMrd/teN1L43YkHphgbK8w5GJQzq81Eh3Mn/gg028EuwU6BLAivjeNm9PDZ2aZtYLb3evRZQev1D8ZtMFjnJ99avtaIZo9QYanDTQXCB2GCYkGvOQYhsC8g8Vqo7Z1QT4WoWJx9nktaGR4TTU0E6FSPexYuAA9kR6SmvWT4jynRSJEVnTbx6aspQuTWWBo2ENWkNMV03F1s0FUR2ixoBGjwma/hexDTHSEvGtV1PcpXq64DO/94Wl01cR9VXfdK+oYZ295SklV5rwCS6e6KyOw2iGGBlKlBEbBtV3K8uydv6flRneMkj24pa/imG6nWCvaIbfderZ48Y7IMQLMDJ3msvqeye+qZgOJHgHeeVZqK/9ox5Noio+vTa8L0V5j83lQvdc2IbjDl14cZYoTake3n24pdY7aFH4OQtDVyWWzoxkouxeAev5YdvAW2aqshN2ZunPvckExX6YrJx7pTsr2FfziWYrKTteYKNWMGJKeNz8dS2mUtpkYZPYC8X8eMVxpzxkleORYQu5QtJHoREky/SBFiUvFdwREQT3Il7K7TPZ1CICWfM+NJA11+QfrXjq48uVaNKMnbM08xMvqXDL1agqo2sYWgtXu8d9qNYKWomRW4mazrydkxmRYfu9JK/aFDhRiZ7fENFhrpPhq3xOJTVoPJ8Tn7SRYVe+G1ALZ/l7v2vJqVPODuMrVvbfPk7xZDin2hNT8jX8hu3CqskK+3h3VQ7z5zu+NNFyezEfldoxzHJsxW3cVpG5O1a575+Rgod6PPqLmZ3aG4jS3XYPed59vU/PJnSZ+i19JWZ31AD+BXYXe3oltV+hoxHabdjGY5hFmR8dyz0xlOg/wkTxdaqZqfl6UU7iBY/kW7bhN2Rlr5yN98NUJLK1nzOkPRZJz3ZAqRNUkZ/FuVd1ETnZsBvOfGaBs3q+cWMvmjvnla8tn/3T9+wsezFFB1g/PSrLKk0njK/epNT6vGRsjHVn7Y1wzILOzpJwsPz6ofo2go1gjov6WIyZIVOTo+nz1ZFvdIm/aQ/+VubUam6VHDKjJE4H9KG3uo2nE+qs9lilud3W44jOVq0Mg0EHaQSvU/MVL14qNWwudclfdx00nzSkriwAadH5UXLUZy7epLAPsw+54ISla6CBJDfvdGy0olf1mY5Sw4SPq7CmDfgMYSGOotprixGYf40Nbp/cQaWRNfdhWnoi38vj8//evT9MT9OgCIX0DhQQk7O/2Jiayli4r4Ru+DIrQEM1TURebWzbcTYf/9v8UffZECOUQKkQTZe1nI2Gq+fhenu5+FXSEHRJnndHL1x7kXyHLSYH9PDtytnDIqXptRPz+1/3+K+3fijy7i+vlESBki5kf6DerVVs4Gyj8nVn+YqC+I72LyQ5CWG9VOZO7jIkTYxfvXvD/oxf/LQpLT9ySfX8AqWH3X3iF3JbIoEQLCQwwV4xrPpMG9b5v79zeU3ktSaGis0uwKhnf8Nu2Dtrci2Em55nSeg+tY1o93keQAeqMjy+nRdX3Pw0J02Sv9roc1QwZyjTUJCVs9XUkvmpUnP3BWXqDitBdM2DWiYFC/6eS9gO678swu1z2FFzuoLtKgqW8eEBE3YFGsR36ecSqc5XlOr9GcrU/BOTgu7pxOY/NQ5WKhP9nCKDDiVu2Zp7gCXYrU1uJ6xP7qx8+pL6ZDy9iCNjo6xfs4B6cUib/gth6HPYP27GzYnGduUOGXiEEMXDOt9Lgr+G41O7AX0ND6iDlPFdZgop+MjQnGFd6/1Prx2EHS40NdBwUpmVhx9gFuLgSbPo4M9mDYqv2T7lND9IG0cfSQGnhCKBIzSkOJd1aeJwgdcS6UdU7GfsxveMm/0vT04nApEftE/vqrzexOZvqVQg7IoF5xeCekphd3XwZ7CxqHN22N7TsFIDSjALtJOZ2QPyZfODwr0TiRC8z7dcXL8q3LTmWGlcdkGUr9AD7LGchWcaZtSg0R3sPz2gc5jdl73vnU0OPOUwuR7YNGPcCRGKv2AX2euX7TpJNcAVTz8uAAsNd4TG7ZcMPwDaL50LGqIBHRwwdffVy/tqEZFB+lgmWw0c2BIdkK/YbN8pv4wJFBK4IoZp3X1jsFrxjcAGES5XkwDb/n/zxaGEoFBIkFbSmMIj8veRkkLDFxlFIGDCrA7CUVz8aR0SlWgrS70w+fee7Ebt3QBP2CrpFJTNUuB9QXf2sfv8PSYiM44vJ5PQYFOsuKw0xm/Kn/SDd7lyKjqDyBcXk5b6nPzse/Gzu41nwfsUHb90t/6QrWBlNA3St5B411YoTDkgXe8DS7Y3Yii8T3ASXs3kQ3EKYMBC7tk7hL+iR/96+tpsNH1cvVseAtgwRbpg98DIw2s2Kl2zY1JHRlbmR35G49nt3ser4vFB8/itseFMzHns1mv9/pbuzhdvzQ0G/ON8SQ5WHmwFCAvB4d455uD7Nf6enQjLdcHLymnLBEBT0ulsD9OvyqTvv/rNFTDCD1vnfXDyRPh6m3s1Z1L0SmRF46eXbomVETMa4svFvoj2X96yABt2BB+YPBenDZLJd42bz5OsmE7vvovwqi+Vv/s3JfKu9/CP0vZfyfn6ssSZGiv9JQQfsJ8RU+Dey8BfvtFIzz85UaghqY/Vm0Zf+NM+kqxJXvt87mei4zt6e8F81U9ea0BGxb+cZhkKUrBCXm6fyvGwszaKloISucmJv3LR1v4t/c0wk8tGIUr4xmTanY3ZARScnsvfYOJNRTp9HQeZU8IePWL81Y3pb6rQ3QK10sCo4eXZAc+x7hk2QLGlGUix3Bko/fhNhCAS9hcvU3mPHCBuuTW1hcTHbMdJGITkzREMgy+xjzFho+ijF1d3kEPzv7rrynlb48YZhFbZEf0yEo0kl0CZ4wScqC9DPzADXCLARLzALQPref76tUrNG9v5RihBEiUuvXd1MMc+ZXcAfxBOTKmk14QmN79flVH4+2nesZi7f+sSMP6S64Wo3doYh8wGVlwF0tlG+mzsvH6rLctzZ5ajDN/SdZa/9w1nZ54L7BYH+5INRaxOCZSguANpt73YL08LpR/YbdI3ddoc3t268WDVFnd8zhlEpmbSmAm+tmbtv52f5jphFe34XRLbJ+9f/8QnUXuVQTqc902elJn/sTQ6FetFJV+IC1dULLoB3/YrBusZ2Ydjr70AAAEfSURBVFX/1Qk9MrbuR/ffKq3FRm1MCW8ntf3kX6PcLuLbwwTt9Z9P/gRd3mwTFeotsQNGUL145d6SisZIeW/PLnr7JF2HLZtbh1buFeuSqGxepW9uTWKQabuQapPF2+/ESK/omvvTbsu6BluVR5VhWZZRRX4Y77Sps0sLx63ePjds/eJLBM5onupX5KZV8qe881eT8z6f82cqhtzwSWAqu0mDVFTl/v17pa/oq2qun6HDtS822MjmQ8q/Sw5+EPXf0ub8s+j6Pe+J/1H02P7N2D+OXq+3+f+L3lBf+J+j4dcv/Ah88N3k/PIADVu+FvuH0tfXnf/3aPjFB+i8ZZD6Q8npfw2Cs324/vNo060zfumXfumXfumXfumX/nfo/wFPR/DHruMR8wAAAABJRU5ErkJggg==', 'Ramones foi uma banda norte-americana de punk rock formada em Forest Hills, no distrito de Queens, Nova York, no ano de 1974. Considerada como precursora do estilo e uma das bandas mais influentes e importantes da história do rock.\r\nAviso: banda não mais existente, mas será exibido um cover da banda em homenagem.'),
(19, 05, 'Detonautas', 'https://lh3.googleusercontent.com/-Lqd8Ii_OEiE/UQvGivaILhI/AAAAAAAAABM/eJ7fKSkeyFk/s630-fcrop64=1,000038ceff10a78c/53.jpg', 'Detonautas Roque Clube (conhecida simplesmente por Detonautas) é uma banda brasileira de rock.Influenciados pelo som do gênero americano, geralmente as letras de suas canções referem-se a amor, violência e corrupção, uma preocupação com a cidadania que marca o perfil de luta social e política da banda.');

-- --------------------------------------------------------

--
-- Estrutura para tabela `canceladas`
--

CREATE TABLE IF NOT EXISTS `canceladas` (
  `id` int(5) unsigned zerofill NOT NULL AUTO_INCREMENT COMMENT 'Irá armazenar o id das reservas canceladas.',
  `motivo` char(1) NOT NULL COMMENT 'Irá armazenar o motivo do cancelamento da reserva.',
  `permissao_usuario` char(1) NOT NULL COMMENT 'Permissão para o cancelamento da reserva.',
  PRIMARY KEY (`id`)
) ENGINE=InnoDB  DEFAULT CHARSET=utf8 AUTO_INCREMENT=18 ;

--
-- Fazendo dump de dados para tabela `canceladas`
--

INSERT INTO `canceladas` (`id`, `motivo`, `permissao_usuario`) VALUES
(00001, 'I', '1'),
(00002, 'A', '1'),
(00003, 'E', '1'),
(00004, 'F', '1'),
(00005, 'F', '1'),
(00006, 'D', '0'),
(00007, 'I', '1'),
(00008, 'I', '1'),
(00009, 'F', '1'),
(00010, 'F', '1'),
(00011, 'F', '1'),
(00012, 'A', '1'),
(00013, 'F', '1'),
(00014, 'F', '1'),
(00015, 'D', '0'),
(00016, 'D', '0'),
(00017, 'D', '0');

-- --------------------------------------------------------

--
-- Estrutura para tabela `clientes`
--

CREATE TABLE IF NOT EXISTS `clientes` (
  `id` int(6) unsigned zerofill NOT NULL AUTO_INCREMENT COMMENT 'Irá armazenar o id do cliente.',
  `usuarios_id` int(10) unsigned zerofill NOT NULL,
  `nome` varchar(45) NOT NULL COMMENT 'Irá armazenar o nome completo.',
  `nascimento` date NOT NULL COMMENT 'Irá armazenar a data de nascimento.',
  `tipo_doc` char(1) NOT NULL COMMENT 'Irá armazenar o tipo de documento.',
  `num_doc` varchar(15) NOT NULL COMMENT 'Irá armazenar  número do documento.',
  `telefone` bigint(19) unsigned NOT NULL COMMENT 'Irá armazenar o telefone(s) para contato.',
  `email` varchar(45) NOT NULL COMMENT 'Irá armazenar o e-mail.',
  PRIMARY KEY (`id`),
  KEY `fk_clientes_usuarios` (`usuarios_id`)
) ENGINE=InnoDB  DEFAULT CHARSET=utf8 AUTO_INCREMENT=10 ;

--
-- Fazendo dump de dados para tabela `clientes`
--

INSERT INTO `clientes` (`id`, `usuarios_id`, `nome`, `nascimento`, `tipo_doc`, `num_doc`, `telefone`, `email`) VALUES
(000006, 0000000011, 'cliente vip', '1111-11-11', '1', '111.111.111-01', 12345678, 'clientevip@gmail.com'),
(000007, 0000000012, 'cliente ', '2222-12-22', '1', '222.222.222-02', 87654321, 'cliente@gmail.com');

-- --------------------------------------------------------

--
-- Estrutura para tabela `datas`
--

CREATE TABLE IF NOT EXISTS `datas` (
  `id` tinyint(2) unsigned zerofill NOT NULL AUTO_INCREMENT COMMENT 'Irá armazenar o id da data..',
  `descricao` text NOT NULL COMMENT 'Irá armazenar uma descrição sobre o dia do evento.',
  `dia` date NOT NULL COMMENT 'Irá armazenar os dias do evento.',
  PRIMARY KEY (`id`)
) ENGINE=InnoDB  DEFAULT CHARSET=utf8 AUTO_INCREMENT=6 ;

--
-- Fazendo dump de dados para tabela `datas`
--

INSERT INTO `datas` (`id`, `descricao`, `dia`) VALUES
(01, 'No momento sem descrição.', '2016-08-05'),
(02, 'No momento sem descrição.', '2016-08-06'),
(03, 'No momento sem descrição', '2016-08-07'),
(05, 'No momento sem descrição.', '2016-08-08');

-- --------------------------------------------------------

--
-- Estrutura para tabela `ingressosdisponiveis`
--

CREATE TABLE IF NOT EXISTS `ingressosdisponiveis` (
  `id` int(5) unsigned zerofill NOT NULL AUTO_INCREMENT COMMENT 'Irá armazenar o id de cada ingresso.',
  `datas_id` tinyint(2) unsigned zerofill NOT NULL,
  `qtde_normal` int(5) NOT NULL COMMENT 'Irá armazenar a quantidade ose ingressos normais.',
  `valor_normal` decimal(10,2) NOT NULL COMMENT 'Irá armazenar o valor dos ingressos vip.',
  `qtde_vip` int(5) NOT NULL COMMENT 'Irá armazenar a quantidade de ingressos vip.',
  `valor_vip` decimal(10,2) NOT NULL COMMENT 'Irá armazenar o valor dos ingressos vip.',
  PRIMARY KEY (`id`),
  KEY `fk_ingressosdisponiveis_datas1` (`datas_id`)
) ENGINE=InnoDB  DEFAULT CHARSET=utf8 AUTO_INCREMENT=9 ;

--
-- Fazendo dump de dados para tabela `ingressosdisponiveis`
--

INSERT INTO `ingressosdisponiveis` (`id`, `datas_id`, `qtde_normal`, `valor_normal`, `qtde_vip`, `valor_vip`) VALUES
(00005, 01, 19500, '573.95', 500, '975.47'),
(00006, 02, 15000, '371.77', 5000, '745.99'),
(00007, 03, 17000, '457.75', 3000, '899.25'),
(00008, 05, 19750, '345.10', 250, '1051.00');

-- --------------------------------------------------------

--
-- Estrutura para tabela `patrocinadores`
--

CREATE TABLE IF NOT EXISTS `patrocinadores` (
  `id` tinyint(2) unsigned zerofill NOT NULL AUTO_INCREMENT COMMENT 'Irá armazenar o id do patrocinador.',
  `nome` varchar(45) NOT NULL COMMENT 'Irá armazenar o nome do patrocinador.',
  `url_logo` text NOT NULL COMMENT 'Irá armazenar a logo do patrocinador.',
  PRIMARY KEY (`id`)
) ENGINE=InnoDB  DEFAULT CHARSET=utf8 AUTO_INCREMENT=8 ;

--
-- Fazendo dump de dados para tabela `patrocinadores`
--

INSERT INTO `patrocinadores` (`id`, `nome`, `url_logo`) VALUES
(01, 'Skol', 'http://logodownload.org/wp-content/uploads/2014/05/skol-logo.jpg'),
(02, 'Mc Donalds', 'http://criarlogotipo.com/sites/criarlogotipo.com/files/mcdonalds.jpg'),
(03, 'Puma', 'http://www.trucost.com/_uploads/testimonialLogos/Puma_Logo.gif'),
(04, 'Walmart', 'http://admin.csrwire.com/system/profile_logos/12774/original/wmt_logo_2.JPG'),
(05, 'Oi', 'http://www.newsrondonia.com.br/imagensNoticias/image/logo%20oi(2).jpg'),
(06, 'Semp Toshiba', 'http://www.ligadonafacul.com.br/imgs/f2155.jpg');

-- --------------------------------------------------------

--
-- Estrutura para tabela `reservas`
--

CREATE TABLE IF NOT EXISTS `reservas` (
  `codigo` int(5) unsigned zerofill NOT NULL AUTO_INCREMENT COMMENT 'Irá armazenar o código da reserva.',
  `clientes_id` int(6) unsigned zerofill NOT NULL,
  `ingressosdisponiveis_id` int(5) unsigned zerofill NOT NULL,
  `qtde_normal` int(1) unsigned NOT NULL COMMENT 'Irá armazenar a quantidade de ingressos normais.',
  `qtde_vip` int(1) unsigned NOT NULL COMMENT 'Irá armazenar a quantidade de ingressos vip.',
  PRIMARY KEY (`codigo`),
  KEY `fk_reservas_clientes1` (`clientes_id`),
  KEY `fk_reservas_ingressosdisponiveis1` (`ingressosdisponiveis_id`)
) ENGINE=InnoDB  DEFAULT CHARSET=utf8 AUTO_INCREMENT=25 ;

--
-- Fazendo dump de dados para tabela `reservas`
--

INSERT INTO `reservas` (`codigo`, `clientes_id`, `ingressosdisponiveis_id`, `qtde_normal`, `qtde_vip`) VALUES
(00017, 000006, 00005, 1, 4),
(00018, 000006, 00006, 0, 2),
(00019, 000006, 00007, 0, 4),
(00020, 000006, 00008, 0, 1),
(00021, 000007, 00005, 4, 0),
(00022, 000007, 00006, 4, 1),
(00023, 000007, 00008, 2, 0),
(00024, 000007, 00007, 3, 1);

-- --------------------------------------------------------

--
-- Estrutura para tabela `usuarios`
--

CREATE TABLE IF NOT EXISTS `usuarios` (
  `id` int(6) unsigned zerofill NOT NULL AUTO_INCREMENT COMMENT 'Irá armazenar o id do usuario.',
  `login` varchar(45) CHARACTER SET utf8 COLLATE utf8_bin NOT NULL COMMENT 'Irá armazenar o nome de usuario',
  `senha` char(32) NOT NULL COMMENT 'Irá armazenar a senha.',
  `permissao` char(1) NOT NULL COMMENT 'Irá atribuir a permissão de cliente ou administrador ao login.',
  PRIMARY KEY (`id`)
) ENGINE=InnoDB  DEFAULT CHARSET=utf8 AUTO_INCREMENT=16 ;

--
-- Fazendo dump de dados para tabela `usuarios`
--

INSERT INTO `usuarios` (`id`, `login`, `senha`, `permissao`) VALUES
(000006, 'adm', '58d3ca6fd79734da01e249cb20b7ebe8', '0'),
(000011, 'cliente vip', '58d3ca6fd79734da01e249cb20b7ebe8', '1'),
(000012, 'cliente', '58d3ca6fd79734da01e249cb20b7ebe8', '1'),
(000013, 'adm2', '58d3ca6fd79734da01e249cb20b7ebe8', '0');

--
-- Restrições para dumps de tabelas
--

--
-- Restrições para tabelas `bandas`
--
ALTER TABLE `bandas`
  ADD CONSTRAINT `fk_bandas_datas1` FOREIGN KEY (`datas_id`) REFERENCES `datas` (`id`) ON DELETE NO ACTION ON UPDATE NO ACTION;

--
-- Restrições para tabelas `clientes`
--
ALTER TABLE `clientes`
  ADD CONSTRAINT `fk_clientes_usuarios` FOREIGN KEY (`usuarios_id`) REFERENCES `usuarios` (`id`) ON DELETE NO ACTION ON UPDATE NO ACTION;

--
-- Restrições para tabelas `ingressosdisponiveis`
--
ALTER TABLE `ingressosdisponiveis`
  ADD CONSTRAINT `fk_ingressosdisponiveis_datas1` FOREIGN KEY (`datas_id`) REFERENCES `datas` (`id`) ON DELETE NO ACTION ON UPDATE NO ACTION;

--
-- Restrições para tabelas `reservas`
--
ALTER TABLE `reservas`
  ADD CONSTRAINT `fk_reservas_clientes1` FOREIGN KEY (`clientes_id`) REFERENCES `clientes` (`id`) ON DELETE NO ACTION ON UPDATE NO ACTION,
  ADD CONSTRAINT `fk_reservas_ingressosdisponiveis1` FOREIGN KEY (`ingressosdisponiveis_id`) REFERENCES `ingressosdisponiveis` (`id`) ON DELETE NO ACTION ON UPDATE NO ACTION;

/*!40101 SET CHARACTER_SET_CLIENT=@OLD_CHARACTER_SET_CLIENT */;
/*!40101 SET CHARACTER_SET_RESULTS=@OLD_CHARACTER_SET_RESULTS */;
/*!40101 SET COLLATION_CONNECTION=@OLD_COLLATION_CONNECTION */;
